siteID,runID,year,genus,degday_death,drought_death,shade_death,perm_death,flood_death,nutrient_death,fire_death,harv_death,wind_death,mean_diam,total_biomC,total_biomC_sd
632,2,0,Alnus,0.00000,0.00000,0.00000,0.00000,0.00000,0.00000,0.00000,0.00000,0.00000,0.00000,0.00000,0.00000
632,2,0,Betula,0.00000,0.00000,0.00000,0.00000,0.00000,0.00000,0.00000,0.00000,0.00000,0.00000,0.00000,0.00000
632,2,0,Larix,0.00000,0.00000,0.00000,0.00000,0.00000,0.00000,0.00000,0.00000,0.00000,0.00000,0.00000,0.00000
632,2,0,Picea,0.00000,0.00000,0.00000,0.00000,0.00000,0.00000,0.00000,0.00000,0.00000,0.00000,0.00000,0.00000
632,2,0,Populus,0.00000,0.00000,0.00000,0.00000,0.00000,0.00000,0.00000,0.00000,0.00000,0.00000,0.00000,0.00000
632,2,0,Salix,0.00000,0.00000,0.00000,0.00000,0.00000,0.00000,0.00000,0.00000,0.00000,0.00000,0.00000,0.00000
632,2,5,Alnus,0.00000,0.00000,1.04598,0.00000,0.00000,0.00000,0.00000,0.00000,0.00000,1.32116,1.04598,0.844906E-01
632,2,5,Betula,0.00000,0.00000,0.00000,0.00000,0.00000,0.312305E-01,0.00000,0.00000,0.00000,2.02653,0.312305E-01,0.180649E-01
632,2,5,Larix,0.00000,0.00000,0.00000,0.00000,0.00000,0.937136E-02,0.00000,0.00000,0.00000,1.47467,0.937136E-02,0.102316E-01
632,2,5,Picea,0.00000,0.00000,0.00000,0.00000,0.00000,0.237322E-01,0.00000,0.00000,0.00000,1.96544,0.237322E-01,0.147410E-01
632,2,5,Populus,0.00000,0.00000,0.00000,0.00000,0.00000,0.113862,0.00000,0.00000,0.00000,2.59679,0.113862,0.399399E-01
632,2,5,Salix,0.00000,0.00000,0.00000,0.00000,0.00000,0.909635E-01,0.00000,0.00000,0.00000,0.887266,0.909635E-01,0.106104E-01
632,2,10,Alnus,0.610801,0.00000,1.18680,0.00000,0.00000,0.00000,0.00000,0.00000,0.00000,2.94650,1.79760,0.252853
632,2,10,Betula,0.00000,0.00000,0.00000,0.00000,0.00000,0.323449E-01,0.00000,0.00000,0.00000,2.26401,0.323449E-01,0.219616E-01
632,2,10,Larix,0.00000,0.00000,0.00000,0.00000,0.00000,0.981537E-02,0.00000,0.00000,0.00000,1.44109,0.981537E-02,0.116583E-01
632,2,10,Picea,0.00000,0.00000,0.00000,0.00000,0.00000,0.249065E-01,0.00000,0.00000,0.00000,2.14480,0.249065E-01,0.162530E-01
632,2,10,Populus,0.00000,0.00000,0.00000,0.00000,0.00000,0.110191,0.00000,0.00000,0.00000,3.16237,0.110191,0.511366E-01
632,2,10,Salix,0.00000,0.00000,0.833791E-02,0.00000,0.00000,0.458974E-01,0.00000,0.00000,0.00000,1.51039,0.542353E-01,0.158945E-01
632,2,15,Alnus,0.950375,0.00000,0.887184,0.00000,0.228134,0.00000,0.00000,0.00000,0.00000,4.88708,2.06569,0.519733
632,2,15,Betula,0.00000,0.00000,0.298676E-03,0.00000,0.00000,0.399352E-01,0.00000,0.00000,0.00000,2.82756,0.402339E-01,0.281478E-01
632,2,15,Larix,0.00000,0.00000,0.100063E-02,0.00000,0.00000,0.123900E-01,0.00000,0.00000,0.00000,1.57582,0.133906E-01,0.169433E-01
632,2,15,Picea,0.00000,0.00000,0.00000,0.00000,0.00000,0.337315E-01,0.00000,0.00000,0.00000,2.63773,0.337315E-01,0.234520E-01
632,2,15,Populus,0.00000,0.00000,0.00000,0.00000,0.00000,0.162193,0.00000,0.00000,0.00000,4.35483,0.162193,0.104161
632,2,15,Salix,0.00000,0.00000,0.311120E-01,0.00000,0.00000,0.00000,0.00000,0.00000,0.00000,2.21838,0.311120E-01,0.209573E-01
632,2,20,Alnus,1.02445,0.00000,0.621765,0.00000,0.00000,0.00000,0.00000,0.00000,0.00000,6.79984,1.64621,0.694825
632,2,20,Betula,0.00000,0.00000,0.416751E-01,0.00000,0.00000,0.340278E-01,0.00000,0.00000,0.00000,3.70896,0.757029E-01,0.620026E-01
632,2,20,Larix,0.00000,0.00000,0.156185E-01,0.00000,0.00000,0.594302E-02,0.00000,0.00000,0.00000,1.80237,0.215616E-01,0.287952E-01
632,2,20,Picea,0.00000,0.00000,0.221027E-01,0.00000,0.00000,0.350785E-01,0.00000,0.00000,0.00000,2.99840,0.571812E-01,0.381634E-01
632,2,20,Populus,0.00000,0.00000,0.138099E-01,0.00000,0.00000,0.363863,0.00000,0.00000,0.00000,6.44332,0.377673,0.295654
632,2,20,Salix,0.00000,0.00000,0.148504E-01,0.00000,0.00000,0.00000,0.00000,0.00000,0.00000,2.24919,0.148504E-01,0.180275E-01
632,2,25,Alnus,0.768953E-01,0.00000,1.03948,0.00000,0.00000,0.00000,0.00000,0.00000,0.00000,9.00250,1.11638,0.642526
632,2,25,Betula,0.00000,0.00000,0.115073,0.00000,0.00000,0.00000,0.00000,0.00000,0.00000,4.41229,0.115073,0.112514
632,2,25,Larix,0.00000,0.00000,0.332532E-01,0.00000,0.00000,0.00000,0.00000,0.00000,0.00000,2.12068,0.332532E-01,0.489135E-01
632,2,25,Picea,0.00000,0.00000,0.120580,0.00000,0.00000,0.876944E-03,0.00000,0.00000,0.00000,3.27131,0.121457,0.834541E-01
632,2,25,Populus,0.00000,0.00000,0.188221,0.00000,0.00000,0.680983,0.00000,0.00000,0.00000,8.75706,0.869204,0.816220
632,2,25,Salix,0.00000,0.00000,0.328519E-02,0.00000,0.00000,0.00000,0.00000,0.00000,0.00000,0.543640,0.328519E-02,0.121232E-01
632,2,30,Alnus,0.945797E-02,0.00000,0.665529,0.00000,0.00000,0.00000,0.00000,0.00000,0.00000,9.25171,0.674987,0.601880
632,2,30,Betula,0.00000,0.00000,0.205048,0.00000,0.00000,0.00000,0.00000,0.00000,0.00000,5.36245,0.205048,0.243326
632,2,30,Larix,0.00000,0.00000,0.329186E-01,0.00000,0.00000,0.00000,0.00000,0.00000,0.00000,1.98062,0.329186E-01,0.561777E-01
632,2,30,Picea,0.00000,0.00000,0.194710,0.00000,0.00000,0.325096E-02,0.00000,0.00000,0.00000,4.32161,0.197961,0.140349
632,2,30,Populus,0.00000,0.00000,0.251117,0.00000,0.00000,0.840326,0.00000,0.00000,0.00000,9.96928,1.09144,1.42922
632,2,30,Salix,0.00000,0.00000,0.198002E-02,0.00000,0.00000,0.00000,0.00000,0.00000,0.00000,0.231958,0.198002E-02,0.134779E-01
632,2,35,Alnus,0.00000,0.00000,0.376775,0.00000,0.00000,0.00000,0.00000,0.00000,0.00000,6.81951,0.376775,0.518821
632,2,35,Betula,0.00000,0.00000,0.171159E-02,0.00000,0.226174,0.00000,0.00000,0.00000,0.00000,4.70495,0.227886,0.326345
632,2,35,Larix,0.00000,0.00000,0.428555E-01,0.00000,0.523024E-02,0.00000,0.00000,0.00000,0.00000,2.07993,0.480858E-01,0.871896E-01
632,2,35,Picea,0.00000,0.00000,0.664115E-01,0.00000,0.187577,0.00000,0.00000,0.00000,0.00000,5.26810,0.253989,0.185983
632,2,35,Populus,0.00000,0.00000,0.143656E-02,0.00000,1.47927,0.00000,0.00000,0.00000,0.00000,10.2555,1.48070,2.42360
632,2,35,Salix,0.00000,0.00000,0.229510E-02,0.00000,0.00000,0.00000,0.00000,0.00000,0.00000,0.204576,0.229510E-02,0.181654E-01
632,2,40,Alnus,0.00000,0.00000,0.167924,0.00000,0.00000,0.00000,0.00000,0.00000,0.00000,3.71700,0.167924,0.383901
632,2,40,Betula,0.00000,0.00000,0.275994,0.00000,0.00000,0.479278E-02,0.00000,0.00000,0.00000,4.47442,0.280787,0.467749
632,2,40,Larix,0.00000,0.00000,0.467698E-01,0.00000,0.00000,0.00000,0.00000,0.00000,0.00000,1.86383,0.467698E-01,0.100594
632,2,40,Picea,0.00000,0.00000,0.344896,0.00000,0.00000,0.255137E-01,0.00000,0.00000,0.00000,5.40112,0.370409,0.282728
632,2,40,Populus,0.00000,0.00000,0.182276,0.00000,0.00000,1.11430,0.00000,0.00000,0.00000,7.77536,1.29657,3.02821
632,2,40,Salix,0.00000,0.00000,0.687956E-03,0.00000,0.00000,0.00000,0.00000,0.00000,0.00000,0.521642E-01,0.687956E-03,0.972916E-02
632,2,45,Alnus,0.00000,0.00000,0.703681E-01,0.00000,0.00000,0.00000,0.00000,0.00000,0.00000,1.91644,0.703681E-01,0.239361
632,2,45,Betula,0.00000,0.00000,0.252617,0.00000,0.00000,0.181952E-01,0.00000,0.00000,0.00000,4.10213,0.270812,0.495088
632,2,45,Larix,0.00000,0.00000,0.820935E-01,0.00000,0.00000,0.00000,0.00000,0.00000,0.00000,2.37772,0.820936E-01,0.165003
632,2,45,Picea,0.00000,0.00000,0.457293,0.00000,0.00000,0.659951E-01,0.00000,0.00000,0.00000,4.59982,0.523288,0.401812
632,2,45,Populus,0.00000,0.00000,0.117580,0.00000,0.00000,0.931058,0.00000,0.00000,0.00000,5.22598,1.04864,3.16735
632,2,45,Salix,0.00000,0.00000,0.00000,0.00000,0.00000,0.00000,0.00000,0.00000,0.00000,0.00000,0.00000,0.00000
632,2,50,Alnus,0.00000,0.00000,0.377611E-01,0.00000,0.00000,0.00000,0.00000,0.00000,0.00000,1.00514,0.377611E-01,0.176051
632,2,50,Betula,0.00000,0.00000,0.197818,0.00000,0.00000,0.731101E-01,0.00000,0.00000,0.00000,3.27324,0.270928,0.648999
632,2,50,Larix,0.00000,0.00000,0.735205E-01,0.00000,0.00000,0.00000,0.00000,0.00000,0.00000,1.89278,0.735205E-01,0.172590
632,2,50,Picea,0.00000,0.00000,0.477341,0.00000,0.00000,0.108796,0.00000,0.00000,0.00000,4.82348,0.586137,0.476943
632,2,50,Populus,0.00000,0.00000,0.156944,0.00000,0.00000,1.05691,0.00000,0.00000,0.00000,5.80105,1.21385,4.02022
632,2,50,Salix,0.00000,0.00000,0.00000,0.00000,0.00000,0.00000,0.00000,0.00000,0.00000,0.00000,0.00000,0.00000
632,2,55,Alnus,0.00000,0.00000,0.190910E-01,0.00000,0.00000,0.00000,0.00000,0.00000,0.00000,0.498435,0.190910E-01,0.129340
632,2,55,Betula,0.00000,0.00000,0.111543,0.599164E-01,0.00000,0.686647E-01,0.00000,0.00000,0.00000,2.78422,0.240125,0.657980
632,2,55,Larix,0.00000,0.00000,0.712191E-01,0.213834E-01,0.00000,0.00000,0.00000,0.00000,0.00000,1.97434,0.926024E-01,0.223791
632,2,55,Picea,0.00000,0.00000,0.454555,0.995196E-01,0.00000,0.102652,0.00000,0.00000,0.00000,4.99427,0.656726,0.610883
632,2,55,Populus,0.00000,0.00000,0.483552E-01,0.187922E-01,0.00000,0.570086,0.00000,0.00000,0.00000,2.90370,0.637233,2.86967
632,2,55,Salix,0.00000,0.00000,0.00000,0.00000,0.00000,0.00000,0.00000,0.00000,0.00000,0.00000,0.00000,0.00000
632,2,60,Alnus,0.00000,0.00000,0.127732E-01,0.00000,0.00000,0.00000,0.00000,0.00000,0.00000,0.294949,0.127732E-01,0.105518
632,2,60,Betula,0.00000,0.00000,0.114921,0.00000,0.00000,0.115956,0.00000,0.00000,0.00000,2.08345,0.230877,0.836830
632,2,60,Larix,0.00000,0.00000,0.756356E-01,0.00000,0.00000,0.00000,0.00000,0.00000,0.00000,1.49189,0.756356E-01,0.244264
632,2,60,Picea,0.00000,0.00000,0.615416,0.00000,0.00000,0.239718,0.00000,0.00000,0.00000,5.70177,0.855135,0.812541
632,2,60,Populus,0.00000,0.00000,0.753791E-01,0.00000,0.00000,1.04958,0.00000,0.00000,0.00000,3.85905,1.12496,5.42244
632,2,60,Salix,0.00000,0.00000,0.00000,0.00000,0.00000,0.00000,0.00000,0.00000,0.00000,0.00000,0.00000,0.00000
632,2,65,Alnus,0.00000,0.00000,0.153060E-01,0.00000,0.00000,0.00000,0.00000,0.00000,0.00000,0.358330,0.153060E-01,0.119293
632,2,65,Betula,0.00000,0.00000,0.896618E-01,0.395263E-01,0.00000,0.135076,0.00000,0.00000,0.00000,2.23274,0.264264,0.907098
632,2,65,Larix,0.00000,0.00000,0.459676E-01,0.00000,0.00000,0.00000,0.00000,0.00000,0.00000,1.11807,0.459676E-01,0.182498
632,2,65,Picea,0.00000,0.00000,0.579446,0.239172E-01,0.00000,0.272071,0.00000,0.00000,0.00000,6.25484,0.875434,0.801503
632,2,65,Populus,0.00000,0.00000,0.350191E-01,0.772165E-03,0.00000,0.387847,0.00000,0.00000,0.00000,2.14896,0.423638,2.39240
632,2,65,Salix,0.00000,0.00000,0.00000,0.00000,0.00000,0.00000,0.00000,0.00000,0.00000,0.00000,0.00000,0.00000
632,2,70,Alnus,0.00000,0.00000,0.00000,0.00000,0.00000,0.00000,0.00000,0.00000,0.00000,0.00000,0.00000,0.00000
632,2,70,Betula,0.00000,0.779713E-01,0.330847E-01,0.00000,0.00000,0.00000,0.00000,0.00000,0.00000,0.888047,0.111056,0.643872
632,2,70,Larix,0.00000,0.00000,0.774190E-01,0.00000,0.00000,0.00000,0.00000,0.00000,0.00000,1.18701,0.774190E-01,0.297518
632,2,70,Picea,0.00000,0.901101,0.234904,0.00000,0.00000,0.00000,0.00000,0.00000,0.00000,7.09124,1.13600,1.13431
632,2,70,Populus,0.00000,0.00000,0.369264E-02,0.00000,0.00000,0.260935,0.00000,0.00000,0.00000,1.72887,0.264628,1.17309
632,2,70,Salix,0.00000,0.00000,0.00000,0.00000,0.00000,0.00000,0.00000,0.00000,0.00000,0.00000,0.00000,0.00000
632,2,75,Alnus,0.00000,0.00000,0.00000,0.00000,0.00000,0.00000,0.00000,0.00000,0.00000,0.00000,0.00000,0.00000
632,2,75,Betula,0.00000,0.00000,0.163938,0.00000,0.00000,0.133905,0.00000,0.00000,0.00000,1.77566,0.297843,1.17059
632,2,75,Larix,0.00000,0.00000,0.964393E-01,0.00000,0.00000,0.00000,0.00000,0.00000,0.00000,1.26261,0.964393E-01,0.369089
632,2,75,Picea,0.00000,0.00000,0.843813,0.00000,0.00000,0.540617,0.00000,0.00000,0.00000,7.82711,1.38443,1.40347
632,2,75,Populus,0.00000,0.00000,0.265107E-02,0.00000,0.00000,0.111725,0.00000,0.00000,0.00000,0.742154,0.114376,0.909160
632,2,75,Salix,0.00000,0.00000,0.00000,0.00000,0.00000,0.00000,0.00000,0.00000,0.00000,0.00000,0.00000,0.00000
632,2,80,Alnus,0.00000,0.00000,0.00000,0.00000,0.00000,0.00000,0.00000,0.00000,0.00000,0.00000,0.00000,0.00000
632,2,80,Betula,0.00000,0.00000,0.208111E-02,0.00000,0.00000,0.149241,0.00000,0.00000,0.00000,0.981210,0.151322,0.937937
632,2,80,Larix,0.00000,0.00000,0.101403,0.00000,0.00000,0.00000,0.00000,0.00000,0.00000,1.45721,0.101403,0.372992
632,2,80,Picea,0.00000,0.00000,0.700463,0.00000,0.00000,0.444154,0.00000,0.00000,0.00000,7.67746,1.14462,1.47295
632,2,80,Populus,0.00000,0.00000,0.184876E-02,0.00000,0.00000,0.180304,0.00000,0.00000,0.00000,0.837944,0.182153,1.26782
632,2,80,Salix,0.00000,0.00000,0.00000,0.00000,0.00000,0.00000,0.00000,0.00000,0.00000,0.00000,0.00000,0.00000
632,2,85,Alnus,0.00000,0.00000,0.00000,0.00000,0.00000,0.00000,0.00000,0.00000,0.00000,0.00000,0.00000,0.00000
632,2,85,Betula,0.00000,0.00000,0.978901E-01,0.00000,0.00000,0.425758E-01,0.00000,0.00000,0.00000,0.775820,0.140466,1.00714
632,2,85,Larix,0.00000,0.00000,0.660533E-01,0.809100E-02,0.00000,0.00000,0.00000,0.00000,0.00000,0.966929,0.741443E-01,0.347876
632,2,85,Picea,0.00000,0.00000,0.747394,0.00000,0.00000,0.483255,0.00000,0.00000,0.00000,8.62294,1.23065,1.49427
632,2,85,Populus,0.00000,0.00000,0.767001E-02,0.00000,0.00000,0.833538E-01,0.00000,0.00000,0.00000,0.482818,0.910238E-01,0.850416
632,2,85,Salix,0.00000,0.00000,0.00000,0.00000,0.00000,0.00000,0.00000,0.00000,0.00000,0.00000,0.00000,0.00000
632,2,90,Alnus,0.00000,0.00000,0.00000,0.00000,0.00000,0.00000,0.00000,0.00000,0.00000,0.00000,0.00000,0.00000
632,2,90,Betula,0.00000,0.00000,0.961493E-03,0.00000,0.103346,0.00000,0.00000,0.00000,0.00000,0.567379,0.104307,0.844585
632,2,90,Larix,0.00000,0.00000,0.192426E-01,0.00000,0.399765E-01,0.00000,0.00000,0.00000,0.00000,0.700179,0.592192E-01,0.357987
632,2,90,Picea,0.00000,0.00000,0.273697,0.573160E-01,0.952581,0.00000,0.00000,0.00000,0.00000,9.11428,1.28359,1.65079
632,2,90,Populus,0.00000,0.00000,0.189122E-03,0.00000,0.758393E-02,0.00000,0.00000,0.00000,0.00000,0.241218,0.777306E-02,0.668626E-01
632,2,90,Salix,0.00000,0.00000,0.00000,0.00000,0.00000,0.00000,0.00000,0.00000,0.00000,0.00000,0.00000,0.00000
632,2,95,Alnus,0.00000,0.00000,0.00000,0.00000,0.00000,0.00000,0.00000,0.00000,0.00000,0.00000,0.00000,0.00000
632,2,95,Betula,0.00000,0.116479,0.252321E-02,0.00000,0.00000,0.00000,0.00000,0.00000,0.00000,0.647759,0.119002,0.951618
632,2,95,Larix,0.00000,0.333055E-01,0.117012,0.440456E-01,0.00000,0.00000,0.00000,0.00000,0.00000,1.59682,0.194363,0.733398
632,2,95,Picea,0.00000,1.09239,0.356205E-02,0.155227E-01,0.00000,0.00000,0.00000,0.00000,0.00000,8.35266,1.11147,1.90050
632,2,95,Populus,0.00000,0.00000,0.133974E-02,0.00000,0.00000,0.00000,0.00000,0.00000,0.00000,0.128186,0.133974E-02,0.131815E-01
632,2,95,Salix,0.00000,0.00000,0.00000,0.00000,0.00000,0.00000,0.00000,0.00000,0.00000,0.00000,0.00000,0.00000
632,2,100,Alnus,0.00000,0.00000,0.00000,0.00000,0.00000,0.00000,0.00000,0.00000,0.00000,0.00000,0.00000,0.00000
632,2,100,Betula,0.00000,0.00000,0.754892E-02,0.00000,0.00000,0.582560E-01,0.00000,0.00000,0.00000,0.368130,0.658049E-01,0.829093
632,2,100,Larix,0.00000,0.00000,0.103282,0.00000,0.00000,0.00000,0.00000,0.00000,0.00000,1.00460,0.103282,0.565504
632,2,100,Picea,0.00000,0.00000,0.778954,0.00000,0.00000,0.945869,0.00000,0.00000,0.00000,9.51857,1.72482,2.39240
632,2,100,Populus,0.00000,0.00000,0.139037E-02,0.00000,0.00000,0.00000,0.00000,0.00000,0.00000,0.506224E-01,0.139037E-02,0.191399E-01
632,2,100,Salix,0.00000,0.00000,0.00000,0.00000,0.00000,0.00000,0.00000,0.00000,0.00000,0.00000,0.00000,0.00000
632,2,105,Alnus,0.00000,0.00000,0.00000,0.00000,0.00000,0.00000,0.00000,0.00000,0.00000,0.00000,0.00000,0.00000
632,2,105,Betula,0.00000,0.00000,0.314006E-04,0.00000,0.00000,0.00000,0.00000,0.00000,0.00000,0.115670E-01,0.314006E-04,0.444071E-03
632,2,105,Larix,0.00000,0.00000,0.439235E-01,0.00000,0.00000,0.00000,0.00000,0.00000,0.00000,0.472150,0.439235E-01,0.366270
632,2,105,Picea,0.00000,1.00621,0.207430,0.442260E-02,0.00000,0.00000,0.00000,0.00000,0.00000,8.08275,1.21807,2.08667
632,2,105,Populus,0.00000,0.00000,0.561613E-02,0.00000,0.00000,0.00000,0.00000,0.00000,0.00000,0.132774,0.561613E-02,0.747306E-01
632,2,105,Salix,0.00000,0.00000,0.00000,0.00000,0.00000,0.00000,0.00000,0.00000,0.00000,0.00000,0.00000,0.00000
632,2,110,Alnus,0.00000,0.00000,0.00000,0.00000,0.00000,0.00000,0.00000,0.00000,0.00000,0.00000,0.00000,0.00000
632,2,110,Betula,0.00000,0.00000,0.544248E-01,0.00000,0.00000,0.00000,0.00000,0.00000,0.00000,0.240564,0.544248E-01,0.767542
632,2,110,Larix,0.00000,0.00000,0.141068,0.00000,0.00000,0.00000,0.00000,0.00000,0.00000,1.04766,0.141068,0.725844
632,2,110,Picea,0.00000,0.00000,0.596028,0.00000,0.00000,0.773311,0.00000,0.00000,0.00000,7.45959,1.36934,2.38735
632,2,110,Populus,0.00000,0.00000,0.642812E-03,0.00000,0.00000,0.00000,0.00000,0.00000,0.00000,0.652907E-01,0.642812E-03,0.802501E-02
632,2,110,Salix,0.00000,0.00000,0.00000,0.00000,0.00000,0.00000,0.00000,0.00000,0.00000,0.00000,0.00000,0.00000
632,2,115,Alnus,0.00000,0.00000,0.00000,0.00000,0.00000,0.00000,0.00000,0.00000,0.00000,0.00000,0.00000,0.00000
632,2,115,Betula,0.00000,0.00000,0.393945E-02,0.00000,0.00000,0.00000,0.00000,0.00000,0.00000,0.828793E-01,0.393945E-02,0.556135E-01
632,2,115,Larix,0.00000,0.00000,0.155012,0.00000,0.00000,0.00000,0.00000,0.00000,0.00000,0.802956,0.155012,0.885536
632,2,115,Picea,0.00000,0.00000,0.531071,0.00000,0.00000,0.454495,0.00000,0.00000,0.00000,5.91470,0.985566,2.07855
632,2,115,Populus,0.00000,0.00000,0.705199E-04,0.00000,0.00000,0.850869E-01,0.00000,0.00000,0.00000,0.263196,0.851575E-01,1.20331
632,2,115,Salix,0.00000,0.00000,0.00000,0.00000,0.00000,0.00000,0.00000,0.00000,0.00000,0.00000,0.00000,0.00000
632,2,120,Alnus,0.00000,0.00000,0.00000,0.00000,0.00000,0.00000,0.00000,0.00000,0.00000,0.00000,0.00000,0.00000
632,2,120,Betula,0.00000,0.00000,0.527098E-04,0.00000,0.00000,0.00000,0.00000,0.00000,0.00000,0.153435E-01,0.527098E-04,0.745430E-03
632,2,120,Larix,0.00000,0.00000,0.214123E-01,0.717579E-01,0.00000,0.00000,0.00000,0.00000,0.00000,0.737632,0.931701E-01,0.652526
632,2,120,Picea,0.00000,0.00000,0.564943,0.164455,0.00000,0.884731,0.00000,0.00000,0.00000,7.62838,1.61413,3.01141
632,2,120,Populus,0.00000,0.00000,0.230567E-03,0.00000,0.00000,0.00000,0.00000,0.00000,0.00000,0.396255E-01,0.230567E-03,0.230543E-02
632,2,120,Salix,0.00000,0.00000,0.00000,0.00000,0.00000,0.00000,0.00000,0.00000,0.00000,0.00000,0.00000,0.00000
632,2,125,Alnus,0.00000,0.00000,0.00000,0.00000,0.00000,0.00000,0.00000,0.00000,0.00000,0.00000,0.00000,0.00000
632,2,125,Betula,0.00000,0.00000,0.283691E-03,0.00000,0.00000,0.00000,0.00000,0.00000,0.00000,0.390255E-01,0.283691E-03,0.351182E-02
632,2,125,Larix,0.00000,0.00000,0.239365E-01,0.309073E-01,0.00000,0.00000,0.00000,0.00000,0.00000,0.379379,0.548438E-01,0.529829
632,2,125,Picea,0.00000,0.00000,0.587031,0.194710E-01,0.00000,0.842578,0.00000,0.00000,0.00000,7.48695,1.44908,2.91339
632,2,125,Populus,0.00000,0.00000,0.350198E-02,0.00000,0.00000,0.00000,0.00000,0.00000,0.00000,0.934580E-01,0.350198E-02,0.492634E-01
632,2,125,Salix,0.00000,0.00000,0.00000,0.00000,0.00000,0.00000,0.00000,0.00000,0.00000,0.00000,0.00000,0.00000
632,2,130,Alnus,0.00000,0.00000,0.00000,0.00000,0.00000,0.00000,0.00000,0.00000,0.00000,0.00000,0.00000,0.00000
632,2,130,Betula,0.00000,0.00000,0.180038E-03,0.00000,0.00000,0.00000,0.00000,0.00000,0.00000,0.238436E-01,0.180038E-03,0.254612E-02
632,2,130,Larix,0.00000,0.00000,0.821290E-01,0.00000,0.00000,0.00000,0.00000,0.00000,0.00000,0.512510,0.821290E-01,0.670078
632,2,130,Picea,0.00000,0.00000,0.522823,0.549555E-01,0.00000,0.528878,0.00000,0.00000,0.00000,6.40020,1.10666,2.60594
632,2,130,Populus,0.00000,0.00000,0.101413E-04,0.00000,0.00000,0.472239E-01,0.00000,0.00000,0.00000,0.204265,0.472341E-01,0.667847
632,2,130,Salix,0.00000,0.00000,0.00000,0.00000,0.00000,0.00000,0.00000,0.00000,0.00000,0.00000,0.00000,0.00000
632,2,135,Alnus,0.00000,0.00000,0.00000,0.00000,0.00000,0.00000,0.00000,0.00000,0.00000,0.00000,0.00000,0.00000
632,2,135,Betula,0.00000,0.00000,0.546225E-05,0.00000,0.00000,0.00000,0.00000,0.00000,0.00000,0.565336E-02,0.546225E-05,0.772478E-04
632,2,135,Larix,0.00000,0.00000,0.377566E-01,0.00000,0.00000,0.217281E-01,0.00000,0.00000,0.00000,0.372520,0.594848E-01,0.542351
632,2,135,Picea,0.00000,0.00000,0.648991,0.125023E-01,0.00000,0.767308,0.00000,0.00000,0.00000,6.42319,1.42880,3.03996
632,2,135,Populus,0.00000,0.00000,0.237524E-02,0.00000,0.00000,0.00000,0.00000,0.00000,0.00000,0.670598E-01,0.237524E-02,0.335910E-01
632,2,135,Salix,0.00000,0.00000,0.00000,0.00000,0.00000,0.00000,0.00000,0.00000,0.00000,0.00000,0.00000,0.00000
632,2,140,Alnus,0.00000,0.00000,0.00000,0.00000,0.00000,0.00000,0.00000,0.00000,0.00000,0.00000,0.00000,0.00000
632,2,140,Betula,0.00000,0.00000,0.00000,0.00000,0.00000,0.00000,0.00000,0.00000,0.00000,0.00000,0.00000,0.00000
632,2,140,Larix,0.00000,0.00000,0.768072E-01,0.00000,0.00000,0.00000,0.00000,0.00000,0.00000,0.452484,0.768072E-01,0.725592
632,2,140,Picea,0.00000,0.00000,0.687055,0.00000,0.301305E-01,0.738430,0.00000,0.00000,0.00000,7.16044,1.45562,3.13489
632,2,140,Populus,0.00000,0.00000,0.188575E-02,0.00000,0.00000,0.00000,0.00000,0.00000,0.00000,0.677650E-01,0.188575E-02,0.256644E-01
632,2,140,Salix,0.00000,0.00000,0.00000,0.00000,0.00000,0.00000,0.00000,0.00000,0.00000,0.00000,0.00000,0.00000
632,2,145,Alnus,0.00000,0.00000,0.00000,0.00000,0.00000,0.00000,0.00000,0.00000,0.00000,0.00000,0.00000,0.00000
632,2,145,Betula,0.00000,0.00000,0.140514E-04,0.00000,0.00000,0.00000,0.00000,0.00000,0.00000,0.838700E-02,0.140514E-04,0.198717E-03
632,2,145,Larix,0.00000,0.00000,0.119871E-02,0.00000,0.00000,0.283032E-01,0.00000,0.00000,0.00000,0.212667,0.295019E-01,0.400516
632,2,145,Picea,0.00000,0.00000,0.625537,0.743667E-01,0.00000,0.597026,0.00000,0.00000,0.00000,6.34258,1.29693,2.85147
632,2,145,Populus,0.00000,0.00000,0.169965E-03,0.00000,0.00000,0.00000,0.00000,0.00000,0.00000,0.223492E-01,0.169965E-03,0.240367E-02
632,2,145,Salix,0.00000,0.00000,0.00000,0.00000,0.00000,0.00000,0.00000,0.00000,0.00000,0.00000,0.00000,0.00000
632,2,150,Alnus,0.00000,0.00000,0.00000,0.00000,0.00000,0.00000,0.00000,0.00000,0.00000,0.00000,0.00000,0.00000
632,2,150,Betula,0.00000,0.00000,0.00000,0.00000,0.00000,0.00000,0.00000,0.00000,0.00000,0.00000,0.00000,0.00000
632,2,150,Larix,0.00000,0.00000,0.351159E-01,0.197838E-01,0.00000,0.00000,0.00000,0.00000,0.00000,0.464360,0.548997E-01,0.473974
632,2,150,Picea,0.00000,0.00000,0.444377,0.280676,0.00000,0.561085,0.00000,0.00000,0.00000,7.38768,1.28614,2.87580
632,2,150,Populus,0.00000,0.00000,0.00000,0.00000,0.00000,0.00000,0.00000,0.00000,0.00000,0.00000,0.00000,0.00000
632,2,150,Salix,0.00000,0.00000,0.00000,0.00000,0.00000,0.00000,0.00000,0.00000,0.00000,0.00000,0.00000,0.00000
632,2,155,Alnus,0.00000,0.00000,0.00000,0.00000,0.00000,0.00000,0.00000,0.00000,0.00000,0.00000,0.00000,0.00000
632,2,155,Betula,0.00000,0.00000,0.00000,0.00000,0.00000,0.00000,0.00000,0.00000,0.00000,0.00000,0.00000,0.00000
632,2,155,Larix,0.00000,0.00000,0.394136E-02,0.00000,0.00000,0.00000,0.00000,0.00000,0.00000,0.143026,0.394135E-02,0.485867E-01
632,2,155,Picea,0.00000,0.00000,0.545502,0.189948,0.00000,0.556811,0.00000,0.00000,0.00000,7.01661,1.29226,2.99211
632,2,155,Populus,0.00000,0.00000,0.158696E-03,0.00000,0.00000,0.00000,0.00000,0.00000,0.00000,0.145587E-01,0.158696E-03,0.224431E-02
632,2,155,Salix,0.00000,0.00000,0.00000,0.00000,0.00000,0.00000,0.00000,0.00000,0.00000,0.00000,0.00000,0.00000
632,2,160,Alnus,0.00000,0.00000,0.00000,0.00000,0.00000,0.00000,0.00000,0.00000,0.00000,0.00000,0.00000,0.00000
632,2,160,Betula,0.00000,0.00000,0.00000,0.00000,0.00000,0.00000,0.00000,0.00000,0.00000,0.00000,0.00000,0.00000
632,2,160,Larix,0.00000,0.00000,0.796491E-01,0.00000,0.00000,0.00000,0.00000,0.00000,0.00000,0.448474,0.796491E-01,0.804873
632,2,160,Picea,0.00000,0.00000,0.674263,0.142552E-01,0.00000,0.488292,0.00000,0.00000,0.00000,7.02700,1.17681,2.31539
632,2,160,Populus,0.00000,0.00000,0.263368E-03,0.00000,0.00000,0.00000,0.00000,0.00000,0.00000,0.152307E-01,0.263368E-03,0.372459E-02
632,2,160,Salix,0.00000,0.00000,0.00000,0.00000,0.00000,0.00000,0.00000,0.00000,0.00000,0.00000,0.00000,0.00000
632,2,165,Alnus,0.00000,0.00000,0.00000,0.00000,0.00000,0.00000,0.00000,0.00000,0.00000,0.00000,0.00000,0.00000
632,2,165,Betula,0.00000,0.00000,0.00000,0.00000,0.00000,0.00000,0.00000,0.00000,0.00000,0.00000,0.00000,0.00000
632,2,165,Larix,0.00000,0.00000,0.00000,0.421441E-01,0.562916E-02,0.00000,0.00000,0.00000,0.00000,0.253427,0.477733E-01,0.600905
632,2,165,Picea,0.00000,0.00000,0.198102,0.608810,0.704074,0.780098E-02,0.00000,0.00000,0.00000,8.31565,1.51879,3.39922
632,2,165,Populus,0.00000,0.00000,0.00000,0.00000,0.171028E-03,0.00000,0.00000,0.00000,0.00000,0.224008E-01,0.171028E-03,0.241870E-02
632,2,165,Salix,0.00000,0.00000,0.00000,0.00000,0.00000,0.00000,0.00000,0.00000,0.00000,0.00000,0.00000,0.00000
632,2,170,Alnus,0.00000,0.00000,0.00000,0.00000,0.00000,0.00000,0.00000,0.00000,0.00000,0.00000,0.00000,0.00000
632,2,170,Betula,0.00000,0.00000,0.786220E-03,0.00000,0.00000,0.537061E-04,0.00000,0.00000,0.00000,0.717320E-01,0.839926E-03,0.105340E-01
632,2,170,Larix,0.00000,0.00000,0.694840E-01,0.607361E-03,0.00000,0.00000,0.00000,0.00000,0.00000,0.349195,0.700914E-01,0.963150
632,2,170,Picea,0.00000,0.00000,0.700792,0.154541,0.00000,0.633310,0.00000,0.00000,0.00000,8.09066,1.48864,3.42752
632,2,170,Populus,0.00000,0.00000,0.166931E-04,0.00000,0.00000,0.00000,0.00000,0.00000,0.00000,0.148534E-01,0.166931E-04,0.184935E-03
632,2,170,Salix,0.00000,0.00000,0.00000,0.00000,0.00000,0.00000,0.00000,0.00000,0.00000,0.00000,0.00000,0.00000
632,2,175,Alnus,0.00000,0.00000,0.00000,0.00000,0.00000,0.00000,0.00000,0.00000,0.00000,0.00000,0.00000,0.00000
632,2,175,Betula,0.00000,0.224352E-03,0.363911E-03,0.00000,0.00000,0.00000,0.00000,0.00000,0.00000,0.622660E-01,0.588262E-03,0.509442E-02
632,2,175,Larix,0.00000,0.00000,0.141114E-02,0.00000,0.00000,0.00000,0.00000,0.00000,0.00000,0.113559,0.141114E-02,0.138591E-01
632,2,175,Picea,0.00000,1.20946,0.798191E-01,0.251263E-01,0.110289E-04,0.00000,0.00000,0.00000,0.00000,7.22937,1.31442,3.22429
632,2,175,Populus,0.00000,0.00000,0.219348E-03,0.00000,0.00000,0.438396E-01,0.00000,0.00000,0.00000,0.221513,0.440589E-01,0.619974
632,2,175,Salix,0.00000,0.00000,0.00000,0.00000,0.00000,0.00000,0.00000,0.00000,0.00000,0.00000,0.00000,0.00000
632,2,180,Alnus,0.00000,0.00000,0.00000,0.00000,0.00000,0.00000,0.00000,0.00000,0.00000,0.00000,0.00000,0.00000
632,2,180,Betula,0.00000,0.00000,0.126890E-03,0.00000,0.00000,0.00000,0.00000,0.00000,0.00000,0.151872E-01,0.126890E-03,0.179449E-02
632,2,180,Larix,0.00000,0.00000,0.708065E-01,0.00000,0.00000,0.238941E-01,0.00000,0.00000,0.00000,0.328948,0.947007E-01,1.05253
632,2,180,Picea,0.00000,0.00000,0.389982,0.442786,0.00000,0.566614,0.00000,0.00000,0.00000,6.97685,1.39938,3.41234
632,2,180,Populus,0.00000,0.00000,0.171355E-02,0.00000,0.00000,0.113244E-03,0.00000,0.00000,0.00000,0.819008E-01,0.182680E-02,0.183554E-01
632,2,180,Salix,0.00000,0.00000,0.00000,0.00000,0.00000,0.00000,0.00000,0.00000,0.00000,0.00000,0.00000,0.00000
632,2,185,Alnus,0.00000,0.00000,0.00000,0.00000,0.00000,0.00000,0.00000,0.00000,0.00000,0.00000,0.00000,0.00000
632,2,185,Betula,0.00000,0.00000,0.312244E-04,0.585485E-03,0.858934E-05,0.00000,0.00000,0.00000,0.00000,0.770142E-01,0.625299E-03,0.557913E-02
632,2,185,Larix,0.00000,0.00000,0.134378E-03,0.155315E-03,0.00000,0.00000,0.00000,0.00000,0.00000,0.693456E-01,0.289692E-03,0.244312E-02
632,2,185,Picea,0.00000,0.00000,0.786061E-01,1.39572,0.00000,0.753081E-02,0.00000,0.00000,0.00000,7.45784,1.48186,3.52644
632,2,185,Populus,0.00000,0.00000,0.285813E-04,0.00000,0.347950E-03,0.00000,0.00000,0.00000,0.00000,0.533621E-01,0.376532E-03,0.492857E-02
632,2,185,Salix,0.00000,0.00000,0.00000,0.00000,0.00000,0.00000,0.00000,0.00000,0.00000,0.00000,0.00000,0.00000
632,2,190,Alnus,0.672418E-05,0.00000,0.00000,0.00000,0.926896E-05,0.00000,0.00000,0.00000,0.00000,0.270071E-02,0.159931E-04,0.226177E-03
632,2,190,Betula,0.00000,0.00000,0.00000,0.00000,0.257773E-03,0.00000,0.00000,0.00000,0.00000,0.367556E-01,0.257773E-03,0.291311E-02
632,2,190,Larix,0.00000,0.00000,0.187546E-02,0.00000,0.532254E-03,0.00000,0.00000,0.00000,0.00000,0.158716,0.240772E-02,0.216964E-01
632,2,190,Picea,0.00000,0.00000,0.950455E-01,0.269412,1.00962,0.691637E-03,0.00000,0.00000,0.00000,7.62431,1.37477,3.05495
632,2,190,Populus,0.00000,0.00000,0.00000,0.00000,0.277679E-01,0.00000,0.00000,0.00000,0.00000,0.186464,0.277679E-01,0.346736
632,2,190,Salix,0.00000,0.00000,0.00000,0.00000,0.363474E-05,0.00000,0.00000,0.00000,0.00000,0.167713E-02,0.363474E-05,0.514030E-04
632,2,195,Alnus,0.00000,0.00000,0.00000,0.00000,0.679943E-04,0.00000,0.00000,0.00000,0.00000,0.151062E-01,0.679943E-04,0.961585E-03
632,2,195,Betula,0.00000,0.00000,0.00000,0.00000,0.521985E-03,0.00000,0.00000,0.00000,0.00000,0.642119E-01,0.521985E-03,0.535665E-02
632,2,195,Larix,0.00000,0.00000,0.885715E-03,0.00000,0.881402E-04,0.00000,0.00000,0.00000,0.00000,0.101139,0.973856E-03,0.844228E-02
632,2,195,Picea,0.00000,0.00000,0.824134E-01,0.529918,0.244037,0.112013E-01,0.00000,0.00000,0.00000,6.48723,0.867570,1.46378
632,2,195,Populus,0.00000,0.00000,0.00000,0.416323E-03,0.381240E-02,0.00000,0.00000,0.00000,0.00000,0.160321,0.422872E-02,0.464395E-01
632,2,195,Salix,0.00000,0.00000,0.00000,0.00000,0.106446E-03,0.00000,0.00000,0.00000,0.00000,0.156682E-01,0.106446E-03,0.150538E-02
632,2,200,Alnus,0.220722E-03,0.00000,0.00000,0.00000,0.00000,0.00000,0.00000,0.00000,0.00000,0.262730E-01,0.220722E-03,0.312148E-02
632,2,200,Betula,0.00000,0.178759E-04,0.150783E-02,0.00000,0.00000,0.00000,0.00000,0.00000,0.00000,0.119886,0.152571E-02,0.155049E-01
632,2,200,Larix,0.00000,0.00000,0.113152E-02,0.387711E-01,0.00000,0.00000,0.00000,0.00000,0.00000,0.292124,0.399026E-01,0.547438
632,2,200,Picea,0.00000,0.668213,0.343171E-01,0.122105,0.00000,0.00000,0.00000,0.00000,0.00000,5.77628,0.824635,2.48254
632,2,200,Populus,0.00000,0.00000,0.190869E-03,0.176155E-03,0.00000,0.534275E-03,0.00000,0.00000,0.00000,0.970663E-01,0.901300E-03,0.680200E-02
632,2,200,Salix,0.00000,0.00000,0.00000,0.00000,0.00000,0.00000,0.00000,0.00000,0.00000,0.00000,0.00000,0.00000
291,1,0,Alnus,0.00000,0.00000,0.00000,0.00000,0.00000,0.00000,0.00000,0.00000,0.00000,0.00000,0.00000,0.00000
291,1,0,Betula,0.00000,0.00000,0.00000,0.00000,0.00000,0.00000,0.00000,0.00000,0.00000,0.00000,0.00000,0.00000
291,1,0,Larix,0.00000,0.00000,0.00000,0.00000,0.00000,0.00000,0.00000,0.00000,0.00000,0.00000,0.00000,0.00000
291,1,0,Picea,0.00000,0.00000,0.00000,0.00000,0.00000,0.00000,0.00000,0.00000,0.00000,0.00000,0.00000,0.00000
291,1,0,Populus,0.00000,0.00000,0.00000,0.00000,0.00000,0.00000,0.00000,0.00000,0.00000,0.00000,0.00000,0.00000
291,1,0,Salix,0.00000,0.00000,0.00000,0.00000,0.00000,0.00000,0.00000,0.00000,0.00000,0.00000,0.00000,0.00000
291,1,5,Alnus,0.211293,0.00000,0.739967,0.00000,0.00000,0.00000,0.00000,0.00000,0.00000,1.25435,0.951259,0.715073E-01
291,1,5,Betula,0.00000,0.00000,0.00000,0.00000,0.00000,0.302189E-01,0.00000,0.00000,0.00000,2.00247,0.302189E-01,0.166094E-01
291,1,5,Larix,0.00000,0.00000,0.00000,0.00000,0.00000,0.904120E-02,0.00000,0.00000,0.00000,1.36771,0.904120E-02,0.102673E-01
291,1,5,Picea,0.00000,0.00000,0.00000,0.00000,0.00000,0.135700E-01,0.00000,0.00000,0.00000,1.68264,0.135700E-01,0.858769E-02
291,1,5,Populus,0.00000,0.00000,0.00000,0.00000,0.00000,0.102716,0.00000,0.00000,0.00000,2.48360,0.102716,0.370307E-01
291,1,5,Salix,0.00000,0.00000,0.00000,0.00000,0.00000,0.840106E-01,0.00000,0.00000,0.00000,0.835335,0.840106E-01,0.102719E-01
291,1,10,Alnus,0.481540,0.00000,1.15220,0.00000,0.00000,0.00000,0.00000,0.00000,0.00000,2.86242,1.63374,0.221980
291,1,10,Betula,0.00000,0.00000,0.00000,0.00000,0.00000,0.273660E-01,0.00000,0.00000,0.00000,2.25690,0.273660E-01,0.184350E-01
291,1,10,Larix,0.00000,0.00000,0.00000,0.00000,0.00000,0.846191E-02,0.00000,0.00000,0.00000,1.36139,0.846191E-02,0.103681E-01
291,1,10,Picea,0.00000,0.00000,0.00000,0.00000,0.00000,0.168523E-01,0.00000,0.00000,0.00000,1.94193,0.168523E-01,0.113494E-01
291,1,10,Populus,0.00000,0.00000,0.00000,0.00000,0.00000,0.864732E-01,0.00000,0.00000,0.00000,2.97894,0.864732E-01,0.372768E-01
291,1,10,Salix,0.00000,0.00000,0.877502E-02,0.00000,0.00000,0.407617E-01,0.00000,0.00000,0.00000,1.46256,0.495367E-01,0.131733E-01
291,1,15,Alnus,1.13593,0.00000,0.795741,0.00000,0.00000,0.00000,0.00000,0.00000,0.00000,4.93951,1.93167,0.454740
291,1,15,Betula,0.00000,0.00000,0.984402E-04,0.00000,0.00000,0.295738E-01,0.00000,0.00000,0.00000,2.58146,0.296722E-01,0.219649E-01
291,1,15,Larix,0.00000,0.00000,0.323688E-03,0.00000,0.00000,0.102273E-01,0.00000,0.00000,0.00000,1.43770,0.105510E-01,0.148340E-01
291,1,15,Picea,0.00000,0.00000,0.00000,0.00000,0.00000,0.206448E-01,0.00000,0.00000,0.00000,2.31556,0.206448E-01,0.149634E-01
291,1,15,Populus,0.00000,0.00000,0.00000,0.00000,0.00000,0.114128,0.00000,0.00000,0.00000,3.97703,0.114128,0.649799E-01
291,1,15,Salix,0.00000,0.00000,0.319400E-01,0.00000,0.00000,0.00000,0.00000,0.00000,0.00000,2.31425,0.319400E-01,0.192471E-01
291,1,20,Alnus,0.820590,0.00000,0.145870,0.00000,0.573605,0.00000,0.00000,0.00000,0.00000,7.04634,1.54006,0.659886
291,1,20,Betula,0.00000,0.00000,0.473264E-02,0.00000,0.167690E-02,0.359068E-01,0.00000,0.00000,0.00000,3.05812,0.423163E-01,0.375910E-01
291,1,20,Larix,0.00000,0.00000,0.295518E-02,0.00000,0.00000,0.111407E-01,0.00000,0.00000,0.00000,1.53295,0.140959E-01,0.194649E-01
291,1,20,Picea,0.00000,0.00000,0.00000,0.00000,0.00000,0.328769E-01,0.00000,0.00000,0.00000,2.91262,0.328769E-01,0.255723E-01
291,1,20,Populus,0.00000,0.00000,0.217354E-03,0.00000,0.115752E-01,0.179177,0.00000,0.00000,0.00000,5.50367,0.190969,0.140276
291,1,20,Salix,0.00000,0.00000,0.185932E-01,0.00000,0.00000,0.00000,0.00000,0.00000,0.00000,2.52451,0.185932E-01,0.226288E-01
291,1,25,Alnus,0.736346,0.00000,0.385515,0.545078E-02,0.00000,0.00000,0.00000,0.00000,0.00000,9.38640,1.12731,0.651154
291,1,25,Betula,0.00000,0.00000,0.687889E-01,0.294386E-03,0.00000,0.189580E-01,0.00000,0.00000,0.00000,4.08116,0.880413E-01,0.939765E-01
291,1,25,Larix,0.00000,0.00000,0.191173E-01,0.153186E-03,0.00000,0.120565E-02,0.00000,0.00000,0.00000,1.81210,0.204762E-01,0.308991E-01
291,1,25,Picea,0.00000,0.00000,0.384930E-01,0.00000,0.00000,0.252531E-01,0.00000,0.00000,0.00000,3.69422,0.637461E-01,0.507152E-01
291,1,25,Populus,0.00000,0.00000,0.292727E-01,0.00000,0.00000,0.407883,0.00000,0.00000,0.00000,7.47938,0.437156,0.443005
291,1,25,Salix,0.00000,0.00000,0.951678E-02,0.00000,0.00000,0.00000,0.00000,0.00000,0.00000,1.05965,0.951679E-02,0.272918E-01
291,1,30,Alnus,0.292559,0.355472E-01,0.312204,0.00000,0.00000,0.00000,0.00000,0.00000,0.00000,9.41265,0.640310,0.557605
291,1,30,Betula,0.00000,0.472039E-01,0.944675E-01,0.00000,0.00000,0.00000,0.00000,0.00000,0.00000,4.25258,0.141671,0.166245
291,1,30,Larix,0.00000,0.149992E-02,0.303566E-01,0.00000,0.00000,0.00000,0.00000,0.00000,0.00000,1.92977,0.318566E-01,0.549264E-01
291,1,30,Picea,0.00000,0.136603,0.556681E-03,0.00000,0.00000,0.00000,0.00000,0.00000,0.00000,2.90830,0.137160,0.831683E-01
291,1,30,Populus,0.00000,0.554947,0.130514,0.00000,0.00000,0.798022E-01,0.00000,0.00000,0.00000,6.01927,0.765263,0.972627
291,1,30,Salix,0.00000,0.00000,0.371377E-02,0.00000,0.00000,0.00000,0.00000,0.00000,0.00000,0.283265,0.371377E-02,0.220846E-01
291,1,35,Alnus,0.363824E-01,0.00000,0.309930,0.00000,0.00000,0.00000,0.00000,0.00000,0.00000,7.82157,0.346312,0.421177
291,1,35,Betula,0.00000,0.00000,0.212357E-03,0.00000,0.151736,0.00000,0.00000,0.00000,0.00000,4.19444,0.151948,0.206969
291,1,35,Larix,0.00000,0.00000,0.253139E-01,0.00000,0.154440E-01,0.00000,0.00000,0.00000,0.00000,2.13323,0.407578E-01,0.642698E-01
291,1,35,Picea,0.00000,0.00000,0.516216E-01,0.00000,0.155539,0.00000,0.00000,0.00000,0.00000,3.83340,0.207161,0.118457
291,1,35,Populus,0.00000,0.00000,0.145057E-02,0.00000,0.758643,0.00000,0.00000,0.00000,0.00000,6.17320,0.760094,1.27807
291,1,35,Salix,0.00000,0.00000,0.560864E-03,0.00000,0.00000,0.00000,0.00000,0.00000,0.00000,0.716811E-01,0.560864E-03,0.567121E-02
291,1,40,Alnus,0.386054E-01,0.00000,0.141444,0.393264E-02,0.00000,0.00000,0.00000,0.00000,0.00000,4.43009,0.183982,0.354547
291,1,40,Betula,0.00000,0.00000,0.175266,0.805056E-02,0.00000,0.246789E-01,0.00000,0.00000,0.00000,4.00880,0.207996,0.347104
291,1,40,Larix,0.00000,0.00000,0.544737E-01,0.711574E-02,0.00000,0.00000,0.00000,0.00000,0.00000,2.11203,0.615894E-01,0.125033
291,1,40,Picea,0.00000,0.00000,0.221555,0.213081E-01,0.00000,0.260648E-01,0.00000,0.00000,0.00000,4.83498,0.268928,0.178077
291,1,40,Populus,0.00000,0.00000,0.212231,0.129895,0.00000,0.841273,0.00000,0.00000,0.00000,7.88853,1.18340,2.22817
291,1,40,Salix,0.00000,0.00000,0.135351E-03,0.00000,0.00000,0.00000,0.00000,0.00000,0.00000,0.263326E-01,0.135351E-03,0.191415E-02
291,1,45,Alnus,0.429428E-02,0.00000,0.146957,0.00000,0.00000,0.00000,0.00000,0.00000,0.00000,3.55694,0.151251,0.340100
291,1,45,Betula,0.00000,0.00000,0.107033,0.533631E-01,0.00000,0.183301E-01,0.00000,0.00000,0.00000,3.57178,0.178726,0.348717
291,1,45,Larix,0.00000,0.00000,0.378216E-01,0.125544E-01,0.00000,0.00000,0.00000,0.00000,0.00000,1.91041,0.503760E-01,0.101336
291,1,45,Picea,0.00000,0.00000,0.228146,0.120883,0.00000,0.355841E-01,0.00000,0.00000,0.00000,5.67164,0.384614,0.262331
291,1,45,Populus,0.00000,0.00000,0.101267,0.300323,0.00000,0.423620,0.00000,0.00000,0.00000,7.35324,0.825211,1.96441
291,1,45,Salix,0.00000,0.00000,0.00000,0.00000,0.00000,0.00000,0.00000,0.00000,0.00000,0.00000,0.00000,0.00000
291,1,50,Alnus,0.00000,0.00000,0.853909E-01,0.00000,0.00000,0.00000,0.00000,0.00000,0.00000,1.94436,0.853909E-01,0.274446
291,1,50,Betula,0.00000,0.00000,0.326529E-02,0.221700,0.00000,0.00000,0.00000,0.00000,0.00000,3.15366,0.224966,0.501343
291,1,50,Larix,0.00000,0.00000,0.170646E-01,0.405405E-01,0.00000,0.00000,0.00000,0.00000,0.00000,1.86611,0.576051E-01,0.128642
291,1,50,Picea,0.00000,0.00000,0.375010E-01,0.381138,0.00000,0.00000,0.00000,0.00000,0.00000,5.32337,0.418639,0.295535
291,1,50,Populus,0.00000,0.00000,0.805911E-02,0.982401,0.00000,0.00000,0.00000,0.00000,0.00000,6.36095,0.990461,2.43906
291,1,50,Salix,0.00000,0.00000,0.00000,0.00000,0.00000,0.00000,0.00000,0.00000,0.00000,0.00000,0.00000,0.00000
291,1,55,Alnus,0.00000,0.00000,0.198393E-01,0.470026E-02,0.00000,0.00000,0.00000,0.00000,0.00000,0.573781,0.245395E-01,0.145454
291,1,55,Betula,0.00000,0.00000,0.934849E-02,0.229969,0.00000,0.00000,0.00000,0.00000,0.00000,3.58495,0.239317,0.547798
291,1,55,Larix,0.00000,0.00000,0.910674E-02,0.690969E-01,0.00000,0.00000,0.00000,0.00000,0.00000,2.29576,0.782036E-01,0.158908
291,1,55,Picea,0.00000,0.00000,0.387259E-01,0.439069,0.00000,0.00000,0.00000,0.00000,0.00000,4.52271,0.477795,0.362338
291,1,55,Populus,0.00000,0.00000,0.567987E-02,0.778099,0.00000,0.00000,0.00000,0.00000,0.00000,4.67288,0.783779,2.83342
291,1,55,Salix,0.00000,0.00000,0.00000,0.00000,0.00000,0.00000,0.00000,0.00000,0.00000,0.00000,0.00000,0.00000
291,1,60,Alnus,0.00000,0.00000,0.122767E-01,0.469380E-02,0.00000,0.00000,0.00000,0.00000,0.00000,0.392646,0.169705E-01,0.120990
291,1,60,Betula,0.00000,0.00000,0.155809E-02,0.146481,0.00000,0.00000,0.00000,0.00000,0.00000,2.54569,0.148040,0.422743
291,1,60,Larix,0.00000,0.00000,0.534947E-02,0.661483E-01,0.00000,0.00000,0.00000,0.00000,0.00000,1.84878,0.714977E-01,0.176277
291,1,60,Picea,0.00000,0.00000,0.345187E-01,0.538438,0.00000,0.00000,0.00000,0.00000,0.00000,4.59317,0.572957,0.457203
291,1,60,Populus,0.00000,0.00000,0.338603E-02,0.571138,0.00000,0.00000,0.00000,0.00000,0.00000,3.85197,0.574525,2.39170
291,1,60,Salix,0.00000,0.00000,0.00000,0.00000,0.00000,0.00000,0.00000,0.00000,0.00000,0.00000,0.00000,0.00000
291,1,65,Alnus,0.00000,0.00000,0.143248E-01,0.00000,0.00000,0.00000,0.00000,0.00000,0.00000,0.312383,0.143248E-01,0.116378
291,1,65,Betula,0.00000,0.00000,0.311116E-02,0.102746,0.00000,0.00000,0.00000,0.00000,0.00000,1.91714,0.105857,0.366573
291,1,65,Larix,0.00000,0.00000,0.550361E-02,0.473714E-01,0.00000,0.00000,0.00000,0.00000,0.00000,1.29281,0.528750E-01,0.179798
291,1,65,Picea,0.00000,0.409771,0.440624E-03,0.136900,0.00000,0.00000,0.00000,0.00000,0.00000,4.14839,0.547112,0.460543
291,1,65,Populus,0.00000,0.00000,0.588301E-02,0.317134,0.00000,0.00000,0.00000,0.00000,0.00000,2.77641,0.323017,1.51294
291,1,65,Salix,0.00000,0.00000,0.00000,0.00000,0.00000,0.00000,0.00000,0.00000,0.00000,0.00000,0.00000,0.00000
291,1,70,Alnus,0.00000,0.00000,0.791869E-02,0.00000,0.00000,0.00000,0.00000,0.00000,0.00000,0.189596,0.791869E-02,0.813380E-01
291,1,70,Betula,0.00000,0.00000,0.150026E-02,0.429447E-01,0.00000,0.00000,0.00000,0.00000,0.00000,0.944106,0.444450E-01,0.267150
291,1,70,Larix,0.00000,0.00000,0.315514E-02,0.846732E-01,0.00000,0.00000,0.00000,0.00000,0.00000,1.76873,0.878283E-01,0.231818
291,1,70,Picea,0.00000,0.00000,0.489255E-01,0.534850,0.00000,0.00000,0.00000,0.00000,0.00000,4.30906,0.583776,0.487799
291,1,70,Populus,0.00000,0.00000,0.318782E-02,0.193448,0.135827E-03,0.00000,0.00000,0.00000,0.00000,2.12659,0.196771,0.831848
291,1,70,Salix,0.00000,0.00000,0.00000,0.00000,0.00000,0.00000,0.00000,0.00000,0.00000,0.00000,0.00000,0.00000
291,1,75,Alnus,0.00000,0.00000,0.398432E-02,0.00000,0.00000,0.00000,0.00000,0.00000,0.00000,0.957384E-01,0.398432E-02,0.563468E-01
291,1,75,Betula,0.00000,0.00000,0.246422E-02,0.972005E-01,0.00000,0.00000,0.00000,0.00000,0.00000,1.45741,0.996647E-01,0.436594
291,1,75,Larix,0.00000,0.00000,0.268469E-02,0.670889E-01,0.00000,0.00000,0.00000,0.00000,0.00000,1.41453,0.697736E-01,0.229615
291,1,75,Picea,0.00000,0.00000,0.566707E-01,0.603369,0.00000,0.00000,0.00000,0.00000,0.00000,4.61672,0.660040,0.578659
291,1,75,Populus,0.00000,0.00000,0.315966E-02,0.141072,0.139496E-04,0.00000,0.00000,0.00000,0.00000,1.32705,0.144245,0.873149
291,1,75,Salix,0.00000,0.00000,0.00000,0.00000,0.00000,0.00000,0.00000,0.00000,0.00000,0.00000,0.00000,0.00000
291,1,80,Alnus,0.00000,0.00000,0.00000,0.00000,0.00000,0.00000,0.00000,0.00000,0.00000,0.00000,0.00000,0.00000
291,1,80,Betula,0.00000,0.00000,0.137668E-02,0.661231E-01,0.212136E-04,0.00000,0.00000,0.00000,0.00000,0.949818,0.675210E-01,0.403390
291,1,80,Larix,0.00000,0.00000,0.738779E-02,0.677364E-01,0.00000,0.00000,0.00000,0.00000,0.00000,1.44296,0.751242E-01,0.256978
291,1,80,Picea,0.00000,0.540723,0.950850E-04,0.936143E-01,0.00000,0.00000,0.00000,0.00000,0.00000,5.12743,0.634432,0.622341
291,1,80,Populus,0.00000,0.00000,0.201528E-02,0.905518E-01,0.00000,0.00000,0.00000,0.00000,0.00000,1.23992,0.925671E-01,0.549775
291,1,80,Salix,0.00000,0.00000,0.00000,0.00000,0.00000,0.00000,0.00000,0.00000,0.00000,0.00000,0.00000,0.00000
291,1,85,Alnus,0.00000,0.00000,0.00000,0.00000,0.00000,0.00000,0.00000,0.00000,0.00000,0.00000,0.00000,0.00000
291,1,85,Betula,0.00000,0.00000,0.921997E-03,0.317149E-01,0.641468E-03,0.00000,0.00000,0.00000,0.00000,0.610845,0.332783E-01,0.303065
291,1,85,Larix,0.00000,0.00000,0.936800E-03,0.229231E-01,0.00000,0.00000,0.00000,0.00000,0.00000,0.519541,0.238599E-01,0.150840
291,1,85,Picea,0.00000,0.00000,0.207097E-01,0.687582,0.365738E-04,0.00000,0.00000,0.00000,0.00000,4.90129,0.708329,0.692949
291,1,85,Populus,0.00000,0.00000,0.553116E-03,0.425997E-01,0.706996E-03,0.00000,0.00000,0.00000,0.00000,0.903835,0.438598E-01,0.279583
291,1,85,Salix,0.00000,0.00000,0.00000,0.00000,0.00000,0.00000,0.00000,0.00000,0.00000,0.00000,0.00000,0.00000
291,1,90,Alnus,0.00000,0.00000,0.00000,0.00000,0.00000,0.00000,0.00000,0.00000,0.00000,0.00000,0.00000,0.00000
291,1,90,Betula,0.00000,0.00000,0.00000,0.546826E-01,0.147831E-03,0.00000,0.00000,0.00000,0.00000,0.681482,0.548304E-01,0.354810
291,1,90,Larix,0.00000,0.00000,0.791970E-04,0.522201E-01,0.884648E-04,0.00000,0.00000,0.00000,0.00000,1.00256,0.523877E-01,0.228299
291,1,90,Picea,0.00000,0.00000,0.662951E-02,0.699080,0.149622E-03,0.00000,0.00000,0.00000,0.00000,5.56195,0.705859,0.689007
291,1,90,Populus,0.00000,0.00000,0.00000,0.290691E-01,0.354904E-03,0.00000,0.00000,0.00000,0.00000,0.676002,0.294240E-01,0.227052
291,1,90,Salix,0.00000,0.00000,0.00000,0.00000,0.00000,0.00000,0.00000,0.00000,0.00000,0.00000,0.00000,0.00000
291,1,95,Alnus,0.00000,0.00000,0.00000,0.00000,0.00000,0.00000,0.00000,0.00000,0.00000,0.00000,0.00000,0.00000
291,1,95,Betula,0.00000,0.00000,0.176052E-03,0.597951E-01,0.141057E-03,0.00000,0.00000,0.00000,0.00000,0.716966,0.601122E-01,0.445833
291,1,95,Larix,0.00000,0.00000,0.357966E-03,0.581206E-01,0.00000,0.00000,0.00000,0.00000,0.00000,1.07646,0.584786E-01,0.245114
291,1,95,Picea,0.00000,0.00000,0.117246E-01,0.648587,0.00000,0.00000,0.00000,0.00000,0.00000,5.25302,0.660312,0.606078
291,1,95,Populus,0.00000,0.00000,0.447400E-03,0.144178E-02,0.934333E-05,0.00000,0.00000,0.00000,0.00000,0.281699,0.189852E-02,0.132645E-01
291,1,95,Salix,0.00000,0.00000,0.00000,0.00000,0.00000,0.00000,0.00000,0.00000,0.00000,0.00000,0.00000,0.00000
291,1,100,Alnus,0.00000,0.00000,0.00000,0.00000,0.00000,0.00000,0.00000,0.00000,0.00000,0.00000,0.00000,0.00000
291,1,100,Betula,0.00000,0.00000,0.00000,0.256165E-01,0.613994E-04,0.00000,0.00000,0.00000,0.00000,0.454091,0.256779E-01,0.239385
291,1,100,Larix,0.00000,0.00000,0.00000,0.240221E-01,0.388554E-03,0.00000,0.00000,0.00000,0.00000,0.627193,0.244106E-01,0.145033
291,1,100,Picea,0.00000,0.00000,0.171868E-02,0.611114,0.669104E-02,0.00000,0.00000,0.00000,0.00000,5.00756,0.619524,0.591783
291,1,100,Populus,0.00000,0.00000,0.00000,0.119239E-01,0.280093E-03,0.00000,0.00000,0.00000,0.00000,0.401735,0.122040E-01,0.156234
291,1,100,Salix,0.00000,0.00000,0.00000,0.00000,0.00000,0.00000,0.00000,0.00000,0.00000,0.00000,0.00000,0.00000
291,1,105,Alnus,0.00000,0.00000,0.00000,0.00000,0.00000,0.00000,0.00000,0.00000,0.00000,0.00000,0.00000,0.00000
291,1,105,Betula,0.00000,0.00000,0.00000,0.226220E-01,0.237879E-03,0.00000,0.00000,0.00000,0.00000,0.355690,0.228599E-01,0.226328
291,1,105,Larix,0.00000,0.00000,0.640245E-04,0.324281E-01,0.336005E-03,0.00000,0.00000,0.00000,0.00000,0.684581,0.328281E-01,0.194586
291,1,105,Picea,0.00000,0.00000,0.248838E-02,0.643410,0.129311E-02,0.00000,0.00000,0.00000,0.00000,5.20896,0.647191,0.645525
291,1,105,Populus,0.00000,0.00000,0.00000,0.729421E-02,0.391405E-03,0.00000,0.00000,0.00000,0.00000,0.391100,0.768561E-02,0.809182E-01
291,1,105,Salix,0.00000,0.00000,0.00000,0.00000,0.00000,0.00000,0.00000,0.00000,0.00000,0.00000,0.00000,0.00000
291,1,110,Alnus,0.00000,0.00000,0.00000,0.00000,0.00000,0.00000,0.00000,0.00000,0.00000,0.00000,0.00000,0.00000
291,1,110,Betula,0.00000,0.00000,0.447115E-04,0.294106E-03,0.142585E-03,0.00000,0.00000,0.00000,0.00000,0.112432,0.481403E-03,0.431142E-02
291,1,110,Larix,0.00000,0.00000,0.302529E-04,0.132892E-01,0.00000,0.00000,0.00000,0.00000,0.00000,0.269944,0.133195E-01,0.130078
291,1,110,Picea,0.00000,0.00000,0.570171E-02,0.693328,0.00000,0.114943E-02,0.00000,0.00000,0.00000,4.85273,0.700179,0.678378
291,1,110,Populus,0.00000,0.00000,0.257748E-03,0.217219E-02,0.179932E-03,0.00000,0.00000,0.00000,0.00000,0.282947,0.260987E-02,0.196243E-01
291,1,110,Salix,0.00000,0.00000,0.00000,0.00000,0.00000,0.00000,0.00000,0.00000,0.00000,0.00000,0.00000,0.00000
291,1,115,Alnus,0.00000,0.00000,0.00000,0.00000,0.00000,0.00000,0.00000,0.00000,0.00000,0.00000,0.00000,0.00000
291,1,115,Betula,0.00000,0.00000,0.00000,0.181465E-01,0.131362E-03,0.00000,0.00000,0.00000,0.00000,0.298958,0.182778E-01,0.244118
291,1,115,Larix,0.00000,0.00000,0.325678E-04,0.375631E-01,0.675754E-04,0.00000,0.00000,0.00000,0.00000,0.602420,0.376632E-01,0.230218
291,1,115,Picea,0.00000,0.00000,0.214735E-02,0.568846,0.850067E-03,0.00000,0.00000,0.00000,0.00000,5.15157,0.571844,0.571174
291,1,115,Populus,0.00000,0.00000,0.347060E-04,0.178205E-01,0.201304E-03,0.00000,0.00000,0.00000,0.00000,0.395220,0.180565E-01,0.226377
291,1,115,Salix,0.00000,0.00000,0.00000,0.00000,0.00000,0.00000,0.00000,0.00000,0.00000,0.00000,0.00000,0.00000
291,1,120,Alnus,0.00000,0.00000,0.00000,0.00000,0.00000,0.00000,0.00000,0.00000,0.00000,0.00000,0.00000,0.00000
291,1,120,Betula,0.00000,0.00000,0.00000,0.170400E-03,0.118478E-04,0.00000,0.00000,0.00000,0.00000,0.702216E-01,0.182248E-03,0.139025E-02
291,1,120,Larix,0.00000,0.00000,0.614582E-04,0.259064E-01,0.151369E-04,0.00000,0.00000,0.00000,0.00000,0.718432,0.259830E-01,0.146978
291,1,120,Picea,0.00000,0.00000,0.626611E-03,0.554372,0.00000,0.00000,0.00000,0.00000,0.00000,4.46952,0.554998,0.517693
291,1,120,Populus,0.00000,0.00000,0.434117E-04,0.222122E-03,0.184270E-04,0.00000,0.00000,0.00000,0.00000,0.102923,0.283960E-03,0.161626E-02
291,1,120,Salix,0.00000,0.00000,0.00000,0.00000,0.00000,0.00000,0.00000,0.00000,0.00000,0.00000,0.00000,0.00000
291,1,125,Alnus,0.00000,0.00000,0.00000,0.00000,0.00000,0.00000,0.00000,0.00000,0.00000,0.00000,0.00000,0.00000
291,1,125,Betula,0.00000,0.00000,0.414422E-04,0.120555E-03,0.148568E-05,0.00000,0.00000,0.00000,0.00000,0.797386E-01,0.163483E-03,0.987023E-03
291,1,125,Larix,0.00000,0.00000,0.409928E-04,0.726555E-03,0.120589E-03,0.00000,0.00000,0.00000,0.00000,0.147778,0.888136E-03,0.682605E-02
291,1,125,Picea,0.00000,0.00000,0.261533E-03,0.543430,0.00000,0.00000,0.00000,0.00000,0.00000,4.62493,0.543691,0.557984
291,1,125,Populus,0.00000,0.00000,0.116767E-03,0.227490E-03,0.153560E-04,0.00000,0.00000,0.00000,0.00000,0.113046,0.359613E-03,0.225822E-02
291,1,125,Salix,0.00000,0.00000,0.00000,0.00000,0.00000,0.00000,0.00000,0.00000,0.00000,0.00000,0.00000,0.00000
291,1,130,Alnus,0.00000,0.00000,0.00000,0.00000,0.00000,0.00000,0.00000,0.00000,0.00000,0.00000,0.00000,0.00000
291,1,130,Betula,0.00000,0.00000,0.00000,0.761635E-03,0.443353E-05,0.00000,0.00000,0.00000,0.00000,0.686895E-01,0.766068E-03,0.974405E-02
291,1,130,Larix,0.00000,0.00000,0.250125E-03,0.344737E-01,0.114804E-04,0.00000,0.00000,0.00000,0.00000,0.739383,0.347353E-01,0.196224
291,1,130,Picea,0.00000,0.00000,0.564379E-03,0.583686,0.455100E-05,0.00000,0.00000,0.00000,0.00000,4.68844,0.584255,0.591364
291,1,130,Populus,0.00000,0.00000,0.955228E-04,0.296261E-03,0.422911E-05,0.00000,0.00000,0.00000,0.00000,0.106583,0.396013E-03,0.295752E-02
291,1,130,Salix,0.00000,0.00000,0.00000,0.00000,0.00000,0.00000,0.00000,0.00000,0.00000,0.00000,0.00000,0.00000
291,1,135,Alnus,0.00000,0.00000,0.00000,0.00000,0.00000,0.00000,0.00000,0.00000,0.00000,0.00000,0.00000,0.00000
291,1,135,Betula,0.00000,0.00000,0.00000,0.123169E-01,0.455761E-05,0.00000,0.00000,0.00000,0.00000,0.222344,0.123214E-01,0.171448
291,1,135,Larix,0.00000,0.00000,0.00000,0.119209E-01,0.00000,0.00000,0.00000,0.00000,0.00000,0.316694,0.119209E-01,0.121792
291,1,135,Picea,0.00000,0.718256E-02,0.676831E-04,0.591834,0.00000,0.00000,0.00000,0.00000,0.00000,4.50465,0.599084,0.682737
291,1,135,Populus,0.00000,0.00000,0.00000,0.404151E-03,0.147218E-04,0.00000,0.00000,0.00000,0.00000,0.105008,0.418873E-03,0.336688E-02
291,1,135,Salix,0.00000,0.00000,0.00000,0.00000,0.00000,0.00000,0.00000,0.00000,0.00000,0.00000,0.00000,0.00000
291,1,140,Alnus,0.00000,0.00000,0.00000,0.00000,0.00000,0.00000,0.00000,0.00000,0.00000,0.00000,0.00000,0.00000
291,1,140,Betula,0.00000,0.00000,0.00000,0.146929E-02,0.00000,0.00000,0.00000,0.00000,0.00000,0.733723E-01,0.146929E-02,0.205253E-01
291,1,140,Larix,0.00000,0.00000,0.205112E-05,0.238458E-01,0.00000,0.00000,0.00000,0.00000,0.00000,0.430777,0.238478E-01,0.168604
291,1,140,Picea,0.00000,0.00000,0.00000,0.510382,0.00000,0.00000,0.00000,0.00000,0.00000,4.63091,0.510382,0.537590
291,1,140,Populus,0.00000,0.00000,0.321078E-04,0.182190E-03,0.384081E-05,0.00000,0.00000,0.00000,0.00000,0.112669,0.218138E-03,0.107480E-02
291,1,140,Salix,0.00000,0.00000,0.00000,0.00000,0.00000,0.00000,0.00000,0.00000,0.00000,0.00000,0.00000,0.00000
291,1,145,Alnus,0.00000,0.00000,0.00000,0.00000,0.00000,0.00000,0.00000,0.00000,0.00000,0.00000,0.00000,0.00000
291,1,145,Betula,0.00000,0.00000,0.00000,0.352054E-04,0.238624E-04,0.00000,0.00000,0.00000,0.00000,0.304010E-01,0.590678E-04,0.547107E-03
291,1,145,Larix,0.00000,0.00000,0.00000,0.655377E-02,0.00000,0.00000,0.00000,0.00000,0.00000,0.177804,0.655377E-02,0.885988E-01
291,1,145,Picea,0.00000,0.00000,0.136135E-04,0.442435,0.300304E-02,0.00000,0.00000,0.00000,0.00000,4.69020,0.445452,0.417649
291,1,145,Populus,0.00000,0.00000,0.00000,0.489055E-04,0.00000,0.00000,0.00000,0.00000,0.00000,0.245036E-01,0.489055E-04,0.572575E-03
291,1,145,Salix,0.00000,0.00000,0.00000,0.00000,0.00000,0.00000,0.00000,0.00000,0.00000,0.00000,0.00000,0.00000
291,1,150,Alnus,0.00000,0.00000,0.00000,0.00000,0.00000,0.00000,0.00000,0.00000,0.00000,0.00000,0.00000,0.00000
291,1,150,Betula,0.00000,0.00000,0.00000,0.956771E-04,0.00000,0.00000,0.00000,0.00000,0.00000,0.450128E-01,0.956772E-04,0.758581E-03
291,1,150,Larix,0.00000,0.00000,0.00000,0.129231E-01,0.935186E-05,0.00000,0.00000,0.00000,0.00000,0.372232,0.129325E-01,0.106664
291,1,150,Picea,0.00000,0.983609E-02,0.00000,0.381634,0.00000,0.00000,0.00000,0.00000,0.00000,4.87868,0.391470,0.419431
291,1,150,Populus,0.00000,0.00000,0.00000,0.343288E-04,0.00000,0.00000,0.00000,0.00000,0.00000,0.209296E-01,0.343288E-04,0.442564E-03
291,1,150,Salix,0.00000,0.00000,0.00000,0.00000,0.00000,0.00000,0.00000,0.00000,0.00000,0.00000,0.00000,0.00000
291,1,155,Alnus,0.00000,0.00000,0.00000,0.00000,0.00000,0.00000,0.00000,0.00000,0.00000,0.00000,0.00000,0.00000
291,1,155,Betula,0.00000,0.00000,0.349206E-03,0.560546E-04,0.00000,0.00000,0.00000,0.00000,0.00000,0.636466E-01,0.405261E-03,0.496149E-02
291,1,155,Larix,0.00000,0.00000,0.00000,0.154759E-01,0.00000,0.111146E-01,0.00000,0.00000,0.00000,0.504143,0.265905E-01,0.202958
291,1,155,Picea,0.00000,0.00000,0.171505E-02,0.344524,0.00000,0.213011E-02,0.00000,0.00000,0.00000,5.10179,0.348369,0.362606
291,1,155,Populus,0.00000,0.00000,0.00000,0.132318E-04,0.893799E-05,0.00000,0.00000,0.00000,0.00000,0.237498E-01,0.221698E-04,0.196344E-03
291,1,155,Salix,0.00000,0.00000,0.00000,0.00000,0.00000,0.00000,0.00000,0.00000,0.00000,0.00000,0.00000,0.00000
291,1,160,Alnus,0.00000,0.00000,0.00000,0.00000,0.00000,0.00000,0.00000,0.00000,0.00000,0.00000,0.00000,0.00000
291,1,160,Betula,0.00000,0.00000,0.00000,0.110022E-03,0.00000,0.00000,0.00000,0.00000,0.00000,0.341620E-01,0.110022E-03,0.137797E-02
291,1,160,Larix,0.00000,0.00000,0.00000,0.140876E-01,0.00000,0.00000,0.00000,0.00000,0.00000,0.379977,0.140876E-01,0.142140
291,1,160,Picea,0.00000,0.362697E-02,0.343025E-03,0.377376,0.00000,0.00000,0.00000,0.00000,0.00000,4.81037,0.381346,0.416211
291,1,160,Populus,0.00000,0.00000,0.00000,0.147199E-03,0.00000,0.00000,0.00000,0.00000,0.00000,0.489152E-01,0.147199E-03,0.119980E-02
291,1,160,Salix,0.00000,0.00000,0.00000,0.00000,0.00000,0.00000,0.00000,0.00000,0.00000,0.00000,0.00000,0.00000
291,1,165,Alnus,0.00000,0.00000,0.00000,0.00000,0.00000,0.00000,0.00000,0.00000,0.00000,0.00000,0.00000,0.00000
291,1,165,Betula,0.00000,0.00000,0.00000,0.860001E-05,0.00000,0.00000,0.00000,0.00000,0.00000,0.685056E-02,0.860001E-05,0.121623E-03
291,1,165,Larix,0.00000,0.00000,0.00000,0.966925E-02,0.351439E-05,0.00000,0.00000,0.00000,0.00000,0.275542,0.967277E-02,0.129337
291,1,165,Picea,0.00000,0.00000,0.00000,0.375651,0.00000,0.00000,0.00000,0.00000,0.00000,4.73564,0.375651,0.495371
291,1,165,Populus,0.00000,0.00000,0.00000,0.414671E-04,0.00000,0.00000,0.00000,0.00000,0.00000,0.217522E-01,0.414671E-04,0.504574E-03
291,1,165,Salix,0.00000,0.00000,0.00000,0.00000,0.00000,0.00000,0.00000,0.00000,0.00000,0.00000,0.00000,0.00000
291,1,170,Alnus,0.00000,0.00000,0.00000,0.00000,0.00000,0.00000,0.00000,0.00000,0.00000,0.00000,0.00000,0.00000
291,1,170,Betula,0.00000,0.00000,0.00000,0.00000,0.00000,0.00000,0.00000,0.00000,0.00000,0.00000,0.00000,0.00000
291,1,170,Larix,0.00000,0.00000,0.00000,0.138921E-01,0.00000,0.00000,0.00000,0.00000,0.00000,0.325292,0.138921E-01,0.133295
291,1,170,Picea,0.00000,0.00000,0.00000,0.381973,0.00000,0.00000,0.00000,0.00000,0.00000,5.02047,0.381973,0.399979
291,1,170,Populus,0.00000,0.00000,0.00000,0.878327E-04,0.00000,0.00000,0.00000,0.00000,0.00000,0.458519E-01,0.878327E-04,0.630185E-03
291,1,170,Salix,0.00000,0.00000,0.00000,0.00000,0.00000,0.00000,0.00000,0.00000,0.00000,0.00000,0.00000,0.00000
291,1,175,Alnus,0.00000,0.00000,0.00000,0.00000,0.00000,0.00000,0.00000,0.00000,0.00000,0.00000,0.00000,0.00000
291,1,175,Betula,0.00000,0.00000,0.00000,0.208492E-04,0.00000,0.00000,0.00000,0.00000,0.00000,0.197502E-01,0.208492E-04,0.174025E-03
291,1,175,Larix,0.00000,0.00000,0.00000,0.868318E-02,0.00000,0.00000,0.00000,0.00000,0.00000,0.216905,0.868317E-02,0.112919
291,1,175,Picea,0.00000,0.189775E-01,0.00000,0.317204,0.00000,0.00000,0.00000,0.00000,0.00000,5.02589,0.336182,0.492317
291,1,175,Populus,0.00000,0.00000,0.00000,0.675840E-04,0.00000,0.00000,0.00000,0.00000,0.00000,0.281214E-01,0.675840E-04,0.680837E-03
291,1,175,Salix,0.00000,0.00000,0.00000,0.00000,0.00000,0.00000,0.00000,0.00000,0.00000,0.00000,0.00000,0.00000
291,1,180,Alnus,0.00000,0.00000,0.00000,0.00000,0.00000,0.00000,0.00000,0.00000,0.00000,0.00000,0.00000,0.00000
291,1,180,Betula,0.00000,0.00000,0.00000,0.00000,0.00000,0.00000,0.00000,0.00000,0.00000,0.00000,0.00000,0.00000
291,1,180,Larix,0.00000,0.00000,0.00000,0.182030E-01,0.00000,0.00000,0.00000,0.00000,0.00000,0.235166,0.182030E-01,0.232568
291,1,180,Picea,0.00000,0.00000,0.00000,0.305710,0.00000,0.00000,0.00000,0.00000,0.00000,4.98510,0.305710,0.410360
291,1,180,Populus,0.00000,0.00000,0.00000,0.238959E-04,0.00000,0.00000,0.00000,0.00000,0.00000,0.127935E-01,0.238959E-04,0.337939E-03
291,1,180,Salix,0.00000,0.00000,0.00000,0.00000,0.00000,0.00000,0.00000,0.00000,0.00000,0.00000,0.00000,0.00000
291,1,185,Alnus,0.00000,0.00000,0.00000,0.00000,0.00000,0.00000,0.00000,0.00000,0.00000,0.00000,0.00000,0.00000
291,1,185,Betula,0.00000,0.00000,0.00000,0.00000,0.00000,0.00000,0.00000,0.00000,0.00000,0.00000,0.00000,0.00000
291,1,185,Larix,0.00000,0.00000,0.00000,0.806274E-02,0.00000,0.00000,0.00000,0.00000,0.00000,0.128276,0.806274E-02,0.113742
291,1,185,Picea,0.00000,0.00000,0.00000,0.238919,0.00000,0.00000,0.00000,0.00000,0.00000,5.28706,0.238919,0.349498
291,1,185,Populus,0.00000,0.00000,0.00000,0.402571E-05,0.00000,0.00000,0.00000,0.00000,0.00000,0.523532E-02,0.402571E-05,0.569321E-04
291,1,185,Salix,0.00000,0.00000,0.00000,0.00000,0.00000,0.00000,0.00000,0.00000,0.00000,0.00000,0.00000,0.00000
291,1,190,Alnus,0.00000,0.00000,0.00000,0.00000,0.00000,0.00000,0.00000,0.00000,0.00000,0.00000,0.00000,0.00000
291,1,190,Betula,0.00000,0.00000,0.00000,0.00000,0.00000,0.00000,0.00000,0.00000,0.00000,0.00000,0.00000,0.00000
291,1,190,Larix,0.00000,0.00000,0.00000,0.197228E-01,0.00000,0.00000,0.00000,0.00000,0.00000,0.308445,0.197228E-01,0.237995
291,1,190,Picea,0.00000,0.00000,0.00000,0.231741,0.00000,0.00000,0.00000,0.00000,0.00000,5.45678,0.231740,0.302094
291,1,190,Populus,0.00000,0.00000,0.00000,0.00000,0.00000,0.00000,0.00000,0.00000,0.00000,0.00000,0.00000,0.00000
291,1,190,Salix,0.00000,0.00000,0.00000,0.00000,0.00000,0.00000,0.00000,0.00000,0.00000,0.00000,0.00000,0.00000
291,1,195,Alnus,0.00000,0.00000,0.00000,0.00000,0.00000,0.00000,0.00000,0.00000,0.00000,0.00000,0.00000,0.00000
291,1,195,Betula,0.00000,0.00000,0.00000,0.00000,0.00000,0.00000,0.00000,0.00000,0.00000,0.00000,0.00000,0.00000
291,1,195,Larix,0.00000,0.00000,0.00000,0.102270E-04,0.00000,0.00000,0.00000,0.00000,0.00000,0.808697E-02,0.102270E-04,0.144632E-03
291,1,195,Picea,0.00000,0.00000,0.00000,0.233375,0.00000,0.00000,0.00000,0.00000,0.00000,5.40328,0.233375,0.427534
291,1,195,Populus,0.00000,0.00000,0.00000,0.00000,0.00000,0.00000,0.00000,0.00000,0.00000,0.00000,0.00000,0.00000
291,1,195,Salix,0.00000,0.00000,0.00000,0.00000,0.00000,0.00000,0.00000,0.00000,0.00000,0.00000,0.00000,0.00000
291,1,200,Alnus,0.00000,0.00000,0.00000,0.00000,0.00000,0.00000,0.00000,0.00000,0.00000,0.00000,0.00000,0.00000
291,1,200,Betula,0.00000,0.00000,0.00000,0.00000,0.00000,0.00000,0.00000,0.00000,0.00000,0.00000,0.00000,0.00000
291,1,200,Larix,0.00000,0.00000,0.00000,0.694553E-02,0.00000,0.00000,0.00000,0.00000,0.00000,0.131011,0.694553E-02,0.974229E-01
291,1,200,Picea,0.00000,0.00000,0.00000,0.173451,0.00000,0.00000,0.00000,0.00000,0.00000,4.81377,0.173451,0.397024
291,1,200,Populus,0.00000,0.00000,0.00000,0.144353E-05,0.00000,0.00000,0.00000,0.00000,0.00000,0.336105E-02,0.144353E-05,0.204146E-04
291,1,200,Salix,0.00000,0.00000,0.00000,0.00000,0.00000,0.00000,0.00000,0.00000,0.00000,0.00000,0.00000,0.00000
