siteID,runID,year,genus,species,degday_death,drought_death,shade_death,perm_death,flood_death,nutrient_death,fire_death,harv_death,wind_death,mean_diam,total_biomC,total_biomC_sd
632,2,0,Alnus,ALNUsinu,0.00000,0.00000,0.00000,0.00000,0.00000,0.00000,0.00000,0.00000,0.00000,0.00000,0.00000,0.00000
632,2,0,Alnus,ALNUtenu,0.00000,0.00000,0.00000,0.00000,0.00000,0.00000,0.00000,0.00000,0.00000,0.00000,0.00000,0.00000
632,2,0,Betula,BETUneoa,0.00000,0.00000,0.00000,0.00000,0.00000,0.00000,0.00000,0.00000,0.00000,0.00000,0.00000,0.00000
632,2,0,Larix,LARIlari,0.00000,0.00000,0.00000,0.00000,0.00000,0.00000,0.00000,0.00000,0.00000,0.00000,0.00000,0.00000
632,2,0,Picea,PICEglau,0.00000,0.00000,0.00000,0.00000,0.00000,0.00000,0.00000,0.00000,0.00000,0.00000,0.00000,0.00000
632,2,0,Picea,PICEmari,0.00000,0.00000,0.00000,0.00000,0.00000,0.00000,0.00000,0.00000,0.00000,0.00000,0.00000,0.00000
632,2,0,Populus,POPUbals,0.00000,0.00000,0.00000,0.00000,0.00000,0.00000,0.00000,0.00000,0.00000,0.00000,0.00000,0.00000
632,2,0,Populus,POPUtrem,0.00000,0.00000,0.00000,0.00000,0.00000,0.00000,0.00000,0.00000,0.00000,0.00000,0.00000,0.00000
632,2,0,Salix,SALIscou,0.00000,0.00000,0.00000,0.00000,0.00000,0.00000,0.00000,0.00000,0.00000,0.00000,0.00000,0.00000
632,2,5,Alnus,ALNUsinu,0.00000,0.00000,0.758002,0.00000,0.00000,0.00000,0.00000,0.00000,0.00000,1.32008,0.758002,0.673565E-01
632,2,5,Alnus,ALNUtenu,0.00000,0.00000,0.287977,0.00000,0.00000,0.00000,0.00000,0.00000,0.00000,1.32382,0.287977,0.455917E-01
632,2,5,Betula,BETUneoa,0.00000,0.00000,0.00000,0.00000,0.00000,0.312305E-01,0.00000,0.00000,0.00000,2.02653,0.312305E-01,0.180649E-01
632,2,5,Larix,LARIlari,0.00000,0.00000,0.00000,0.00000,0.00000,0.937136E-02,0.00000,0.00000,0.00000,1.47467,0.937136E-02,0.102316E-01
632,2,5,Picea,PICEglau,0.00000,0.00000,0.00000,0.00000,0.00000,0.550945E-02,0.00000,0.00000,0.00000,1.26329,0.550945E-02,0.718700E-02
632,2,5,Picea,PICEmari,0.00000,0.00000,0.00000,0.00000,0.00000,0.182228E-01,0.00000,0.00000,0.00000,1.91771,0.182228E-01,0.132197E-01
632,2,5,Populus,POPUbals,0.00000,0.00000,0.00000,0.00000,0.00000,0.784833E-01,0.00000,0.00000,0.00000,2.96225,0.784833E-01,0.346445E-01
632,2,5,Populus,POPUtrem,0.00000,0.00000,0.00000,0.00000,0.00000,0.353788E-01,0.00000,0.00000,0.00000,2.10750,0.353788E-01,0.197331E-01
632,2,5,Salix,SALIscou,0.00000,0.00000,0.00000,0.00000,0.00000,0.909635E-01,0.00000,0.00000,0.00000,0.887266,0.909635E-01,0.106104E-01
632,2,10,Alnus,ALNUsinu,0.00000,0.00000,1.12069,0.00000,0.00000,0.00000,0.00000,0.00000,0.00000,2.99943,1.12069,0.205530
632,2,10,Alnus,ALNUtenu,0.610801,0.00000,0.661095E-01,0.00000,0.00000,0.00000,0.00000,0.00000,0.00000,2.87126,0.676911,0.142900
632,2,10,Betula,BETUneoa,0.00000,0.00000,0.00000,0.00000,0.00000,0.323449E-01,0.00000,0.00000,0.00000,2.26401,0.323449E-01,0.219616E-01
632,2,10,Larix,LARIlari,0.00000,0.00000,0.00000,0.00000,0.00000,0.981537E-02,0.00000,0.00000,0.00000,1.44109,0.981537E-02,0.116583E-01
632,2,10,Picea,PICEglau,0.00000,0.00000,0.00000,0.00000,0.00000,0.577111E-02,0.00000,0.00000,0.00000,1.30929,0.577111E-02,0.740537E-02
632,2,10,Picea,PICEmari,0.00000,0.00000,0.00000,0.00000,0.00000,0.191354E-01,0.00000,0.00000,0.00000,2.10551,0.191354E-01,0.145108E-01
632,2,10,Populus,POPUbals,0.00000,0.00000,0.00000,0.00000,0.00000,0.754761E-01,0.00000,0.00000,0.00000,3.77445,0.754761E-01,0.448777E-01
632,2,10,Populus,POPUtrem,0.00000,0.00000,0.00000,0.00000,0.00000,0.347150E-01,0.00000,0.00000,0.00000,2.40199,0.347150E-01,0.225686E-01
632,2,10,Salix,SALIscou,0.00000,0.00000,0.833791E-02,0.00000,0.00000,0.458974E-01,0.00000,0.00000,0.00000,1.51039,0.542353E-01,0.158945E-01
632,2,15,Alnus,ALNUsinu,0.00000,0.00000,0.842585,0.00000,0.228134,0.00000,0.00000,0.00000,0.00000,5.09902,1.07072,0.413221
632,2,15,Alnus,ALNUtenu,0.950375,0.00000,0.445990E-01,0.00000,0.00000,0.00000,0.00000,0.00000,0.00000,4.69263,0.994974,0.357927
632,2,15,Betula,BETUneoa,0.00000,0.00000,0.298676E-03,0.00000,0.00000,0.399352E-01,0.00000,0.00000,0.00000,2.82756,0.402339E-01,0.281478E-01
632,2,15,Larix,LARIlari,0.00000,0.00000,0.100063E-02,0.00000,0.00000,0.123900E-01,0.00000,0.00000,0.00000,1.57582,0.133906E-01,0.169433E-01
632,2,15,Picea,PICEglau,0.00000,0.00000,0.00000,0.00000,0.00000,0.755362E-02,0.00000,0.00000,0.00000,1.47548,0.755362E-02,0.104109E-01
632,2,15,Picea,PICEmari,0.00000,0.00000,0.00000,0.00000,0.00000,0.261779E-01,0.00000,0.00000,0.00000,2.51825,0.261779E-01,0.200465E-01
632,2,15,Populus,POPUbals,0.00000,0.00000,0.00000,0.00000,0.00000,0.115208,0.00000,0.00000,0.00000,4.95275,0.115208,0.952361E-01
632,2,15,Populus,POPUtrem,0.00000,0.00000,0.00000,0.00000,0.00000,0.469851E-01,0.00000,0.00000,0.00000,3.04438,0.469851E-01,0.386168E-01
632,2,15,Salix,SALIscou,0.00000,0.00000,0.311120E-01,0.00000,0.00000,0.00000,0.00000,0.00000,0.00000,2.21838,0.311120E-01,0.209573E-01
632,2,20,Alnus,ALNUsinu,0.00000,0.00000,0.579799,0.00000,0.00000,0.00000,0.00000,0.00000,0.00000,6.83202,0.579799,0.420337
632,2,20,Alnus,ALNUtenu,1.02445,0.00000,0.419660E-01,0.00000,0.00000,0.00000,0.00000,0.00000,0.00000,6.67836,1.06641,0.547237
632,2,20,Betula,BETUneoa,0.00000,0.00000,0.416751E-01,0.00000,0.00000,0.340278E-01,0.00000,0.00000,0.00000,3.70896,0.757029E-01,0.620026E-01
632,2,20,Larix,LARIlari,0.00000,0.00000,0.156185E-01,0.00000,0.00000,0.594302E-02,0.00000,0.00000,0.00000,1.80237,0.215616E-01,0.287952E-01
632,2,20,Picea,PICEglau,0.00000,0.00000,0.436425E-02,0.00000,0.00000,0.884197E-02,0.00000,0.00000,0.00000,1.64767,0.132062E-01,0.195995E-01
632,2,20,Picea,PICEmari,0.00000,0.00000,0.177385E-01,0.00000,0.00000,0.262365E-01,0.00000,0.00000,0.00000,2.78006,0.439750E-01,0.331749E-01
632,2,20,Populus,POPUbals,0.00000,0.00000,0.305929E-02,0.00000,0.00000,0.276680,0.00000,0.00000,0.00000,6.85377,0.279740,0.276537
632,2,20,Populus,POPUtrem,0.00000,0.00000,0.107506E-01,0.00000,0.00000,0.871829E-01,0.00000,0.00000,0.00000,4.16520,0.979335E-01,0.848678E-01
632,2,20,Salix,SALIscou,0.00000,0.00000,0.148504E-01,0.00000,0.00000,0.00000,0.00000,0.00000,0.00000,2.24919,0.148504E-01,0.180275E-01
632,2,25,Alnus,ALNUsinu,0.00000,0.00000,0.243200,0.00000,0.00000,0.00000,0.00000,0.00000,0.00000,5.66479,0.243200,0.344901
632,2,25,Alnus,ALNUtenu,0.768953E-01,0.00000,0.796282,0.00000,0.00000,0.00000,0.00000,0.00000,0.00000,8.78549,0.873178,0.553792
632,2,25,Betula,BETUneoa,0.00000,0.00000,0.115073,0.00000,0.00000,0.00000,0.00000,0.00000,0.00000,4.41229,0.115073,0.112514
632,2,25,Larix,LARIlari,0.00000,0.00000,0.332532E-01,0.00000,0.00000,0.00000,0.00000,0.00000,0.00000,2.12068,0.332532E-01,0.489135E-01
632,2,25,Picea,PICEglau,0.00000,0.00000,0.281007E-01,0.00000,0.00000,0.00000,0.00000,0.00000,0.00000,2.22650,0.281007E-01,0.413387E-01
632,2,25,Picea,PICEmari,0.00000,0.00000,0.924796E-01,0.00000,0.00000,0.876944E-03,0.00000,0.00000,0.00000,3.07757,0.933565E-01,0.667016E-01
632,2,25,Populus,POPUbals,0.00000,0.00000,0.629686E-01,0.00000,0.00000,0.629556,0.00000,0.00000,0.00000,8.42734,0.692525,0.791199
632,2,25,Populus,POPUtrem,0.00000,0.00000,0.125252,0.00000,0.00000,0.514265E-01,0.00000,0.00000,0.00000,5.03012,0.176679,0.171649
632,2,25,Salix,SALIscou,0.00000,0.00000,0.328519E-02,0.00000,0.00000,0.00000,0.00000,0.00000,0.00000,0.543640,0.328519E-02,0.121232E-01
632,2,30,Alnus,ALNUsinu,0.00000,0.00000,0.919796E-01,0.00000,0.00000,0.00000,0.00000,0.00000,0.00000,2.38165,0.919796E-01,0.255285
632,2,30,Alnus,ALNUtenu,0.945797E-02,0.00000,0.573550,0.00000,0.00000,0.00000,0.00000,0.00000,0.00000,8.47113,0.583008,0.584541
632,2,30,Betula,BETUneoa,0.00000,0.00000,0.205048,0.00000,0.00000,0.00000,0.00000,0.00000,0.00000,5.36245,0.205048,0.243326
632,2,30,Larix,LARIlari,0.00000,0.00000,0.329186E-01,0.00000,0.00000,0.00000,0.00000,0.00000,0.00000,1.98062,0.329186E-01,0.561777E-01
632,2,30,Picea,PICEglau,0.00000,0.00000,0.497301E-01,0.00000,0.00000,0.507694E-03,0.00000,0.00000,0.00000,2.89079,0.502378E-01,0.679350E-01
632,2,30,Picea,PICEmari,0.00000,0.00000,0.144980,0.00000,0.00000,0.274327E-02,0.00000,0.00000,0.00000,3.97226,0.147723,0.126175
632,2,30,Populus,POPUbals,0.00000,0.00000,0.303730E-01,0.00000,0.00000,0.789833,0.00000,0.00000,0.00000,7.29536,0.820206,1.38588
632,2,30,Populus,POPUtrem,0.00000,0.00000,0.220744,0.00000,0.00000,0.504929E-01,0.00000,0.00000,0.00000,5.44163,0.271237,0.333335
632,2,30,Salix,SALIscou,0.00000,0.00000,0.198002E-02,0.00000,0.00000,0.00000,0.00000,0.00000,0.00000,0.231958,0.198002E-02,0.134779E-01
632,2,35,Alnus,ALNUsinu,0.00000,0.00000,0.268684E-01,0.00000,0.00000,0.00000,0.00000,0.00000,0.00000,0.795793,0.268684E-01,0.135356
632,2,35,Alnus,ALNUtenu,0.00000,0.00000,0.349907,0.00000,0.00000,0.00000,0.00000,0.00000,0.00000,6.58742,0.349907,0.493021
632,2,35,Betula,BETUneoa,0.00000,0.00000,0.171159E-02,0.00000,0.226174,0.00000,0.00000,0.00000,0.00000,4.70495,0.227886,0.326345
632,2,35,Larix,LARIlari,0.00000,0.00000,0.428555E-01,0.00000,0.523024E-02,0.00000,0.00000,0.00000,0.00000,2.07993,0.480858E-01,0.871896E-01
632,2,35,Picea,PICEglau,0.00000,0.00000,0.598054E-04,0.00000,0.704390E-01,0.00000,0.00000,0.00000,0.00000,3.02366,0.704988E-01,0.106533
632,2,35,Picea,PICEmari,0.00000,0.00000,0.663517E-01,0.00000,0.117138,0.00000,0.00000,0.00000,0.00000,4.52344,0.183490,0.158942
632,2,35,Populus,POPUbals,0.00000,0.00000,0.130511E-02,0.00000,1.12070,0.00000,0.00000,0.00000,0.00000,6.37358,1.12200,2.41848
632,2,35,Populus,POPUtrem,0.00000,0.00000,0.131443E-03,0.00000,0.358572,0.00000,0.00000,0.00000,0.00000,5.47752,0.358703,0.510361
632,2,35,Salix,SALIscou,0.00000,0.00000,0.229510E-02,0.00000,0.00000,0.00000,0.00000,0.00000,0.00000,0.204576,0.229510E-02,0.181654E-01
632,2,40,Alnus,ALNUsinu,0.00000,0.00000,0.813937E-02,0.00000,0.00000,0.00000,0.00000,0.00000,0.00000,0.210407,0.813937E-02,0.802345E-01
632,2,40,Alnus,ALNUtenu,0.00000,0.00000,0.159785,0.00000,0.00000,0.00000,0.00000,0.00000,0.00000,3.52477,0.159785,0.378883
632,2,40,Betula,BETUneoa,0.00000,0.00000,0.275994,0.00000,0.00000,0.479278E-02,0.00000,0.00000,0.00000,4.47442,0.280787,0.467749
632,2,40,Larix,LARIlari,0.00000,0.00000,0.467698E-01,0.00000,0.00000,0.00000,0.00000,0.00000,0.00000,1.86383,0.467698E-01,0.100594
632,2,40,Picea,PICEglau,0.00000,0.00000,0.865397E-01,0.00000,0.00000,0.121644E-01,0.00000,0.00000,0.00000,3.23167,0.987041E-01,0.159125
632,2,40,Picea,PICEmari,0.00000,0.00000,0.258356,0.00000,0.00000,0.133493E-01,0.00000,0.00000,0.00000,4.68324,0.271705,0.251875
632,2,40,Populus,POPUbals,0.00000,0.00000,0.107687E-01,0.00000,0.00000,0.912461,0.00000,0.00000,0.00000,4.11293,0.923229,3.04260
632,2,40,Populus,POPUtrem,0.00000,0.00000,0.171507,0.00000,0.00000,0.201835,0.00000,0.00000,0.00000,4.49375,0.373342,0.661046
632,2,40,Salix,SALIscou,0.00000,0.00000,0.687956E-03,0.00000,0.00000,0.00000,0.00000,0.00000,0.00000,0.521642E-01,0.687956E-03,0.972916E-02
632,2,45,Alnus,ALNUsinu,0.00000,0.00000,0.00000,0.00000,0.00000,0.00000,0.00000,0.00000,0.00000,0.00000,0.00000,0.00000
632,2,45,Alnus,ALNUtenu,0.00000,0.00000,0.703681E-01,0.00000,0.00000,0.00000,0.00000,0.00000,0.00000,1.91644,0.703681E-01,0.239361
632,2,45,Betula,BETUneoa,0.00000,0.00000,0.252617,0.00000,0.00000,0.181952E-01,0.00000,0.00000,0.00000,4.10213,0.270812,0.495088
632,2,45,Larix,LARIlari,0.00000,0.00000,0.820935E-01,0.00000,0.00000,0.00000,0.00000,0.00000,0.00000,2.37772,0.820936E-01,0.165003
632,2,45,Picea,PICEglau,0.00000,0.00000,0.100971,0.00000,0.00000,0.358504E-01,0.00000,0.00000,0.00000,3.62865,0.136821,0.225601
632,2,45,Picea,PICEmari,0.00000,0.00000,0.356322,0.00000,0.00000,0.301447E-01,0.00000,0.00000,0.00000,4.07189,0.386467,0.364561
632,2,45,Populus,POPUbals,0.00000,0.00000,0.218971E-01,0.00000,0.00000,0.736697,0.00000,0.00000,0.00000,2.85796,0.758594,3.00467
632,2,45,Populus,POPUtrem,0.00000,0.00000,0.956834E-01,0.00000,0.00000,0.194361,0.00000,0.00000,0.00000,3.36049,0.290044,0.668088
632,2,45,Salix,SALIscou,0.00000,0.00000,0.00000,0.00000,0.00000,0.00000,0.00000,0.00000,0.00000,0.00000,0.00000,0.00000
632,2,50,Alnus,ALNUsinu,0.00000,0.00000,0.00000,0.00000,0.00000,0.00000,0.00000,0.00000,0.00000,0.00000,0.00000,0.00000
632,2,50,Alnus,ALNUtenu,0.00000,0.00000,0.377611E-01,0.00000,0.00000,0.00000,0.00000,0.00000,0.00000,1.00514,0.377611E-01,0.176051
632,2,50,Betula,BETUneoa,0.00000,0.00000,0.197818,0.00000,0.00000,0.731101E-01,0.00000,0.00000,0.00000,3.27324,0.270928,0.648999
632,2,50,Larix,LARIlari,0.00000,0.00000,0.735205E-01,0.00000,0.00000,0.00000,0.00000,0.00000,0.00000,1.89278,0.735205E-01,0.172590
632,2,50,Picea,PICEglau,0.00000,0.00000,0.109409,0.00000,0.00000,0.667732E-01,0.00000,0.00000,0.00000,3.59813,0.176182,0.321299
632,2,50,Picea,PICEmari,0.00000,0.00000,0.367932,0.00000,0.00000,0.420224E-01,0.00000,0.00000,0.00000,4.43725,0.409955,0.366095
632,2,50,Populus,POPUbals,0.00000,0.00000,0.109602E-03,0.00000,0.00000,0.765037,0.00000,0.00000,0.00000,2.06145,0.765147,3.92836
632,2,50,Populus,POPUtrem,0.00000,0.00000,0.156835,0.00000,0.00000,0.291869,0.00000,0.00000,0.00000,4.03913,0.448704,1.01389
632,2,50,Salix,SALIscou,0.00000,0.00000,0.00000,0.00000,0.00000,0.00000,0.00000,0.00000,0.00000,0.00000,0.00000,0.00000
632,2,55,Alnus,ALNUsinu,0.00000,0.00000,0.343996E-04,0.00000,0.00000,0.00000,0.00000,0.00000,0.00000,0.106149E-01,0.343996E-04,0.486484E-03
632,2,55,Alnus,ALNUtenu,0.00000,0.00000,0.190566E-01,0.00000,0.00000,0.00000,0.00000,0.00000,0.00000,0.487820,0.190566E-01,0.129344
632,2,55,Betula,BETUneoa,0.00000,0.00000,0.111543,0.599164E-01,0.00000,0.686647E-01,0.00000,0.00000,0.00000,2.78422,0.240125,0.657980
632,2,55,Larix,LARIlari,0.00000,0.00000,0.712191E-01,0.213834E-01,0.00000,0.00000,0.00000,0.00000,0.00000,1.97434,0.926024E-01,0.223791
632,2,55,Picea,PICEglau,0.00000,0.00000,0.812298E-01,0.313892E-01,0.00000,0.682703E-01,0.00000,0.00000,0.00000,2.89742,0.180889,0.401014
632,2,55,Picea,PICEmari,0.00000,0.00000,0.373325,0.681304E-01,0.00000,0.343818E-01,0.00000,0.00000,0.00000,4.69649,0.475837,0.424585
632,2,55,Populus,POPUbals,0.00000,0.00000,0.473627E-04,0.00000,0.00000,0.373667,0.00000,0.00000,0.00000,0.973302,0.373714,2.69252
632,2,55,Populus,POPUtrem,0.00000,0.00000,0.483078E-01,0.187922E-01,0.00000,0.196419,0.00000,0.00000,0.00000,1.94614,0.263519,1.08775
632,2,55,Salix,SALIscou,0.00000,0.00000,0.00000,0.00000,0.00000,0.00000,0.00000,0.00000,0.00000,0.00000,0.00000,0.00000
632,2,60,Alnus,ALNUsinu,0.00000,0.00000,0.00000,0.00000,0.00000,0.00000,0.00000,0.00000,0.00000,0.00000,0.00000,0.00000
632,2,60,Alnus,ALNUtenu,0.00000,0.00000,0.127732E-01,0.00000,0.00000,0.00000,0.00000,0.00000,0.00000,0.294949,0.127732E-01,0.105518
632,2,60,Betula,BETUneoa,0.00000,0.00000,0.114921,0.00000,0.00000,0.115956,0.00000,0.00000,0.00000,2.08345,0.230877,0.836830
632,2,60,Larix,LARIlari,0.00000,0.00000,0.756356E-01,0.00000,0.00000,0.00000,0.00000,0.00000,0.00000,1.49189,0.756356E-01,0.244264
632,2,60,Picea,PICEglau,0.00000,0.00000,0.134709,0.00000,0.00000,0.164633,0.00000,0.00000,0.00000,4.25087,0.299342,0.559923
632,2,60,Picea,PICEmari,0.00000,0.00000,0.480708,0.00000,0.00000,0.750851E-01,0.00000,0.00000,0.00000,5.05185,0.555793,0.580670
632,2,60,Populus,POPUbals,0.00000,0.00000,0.533888E-01,0.00000,0.00000,0.798890,0.00000,0.00000,0.00000,2.12997,0.852279,5.33265
632,2,60,Populus,POPUtrem,0.00000,0.00000,0.219903E-01,0.00000,0.00000,0.250686,0.00000,0.00000,0.00000,1.81950,0.272676,1.19430
632,2,60,Salix,SALIscou,0.00000,0.00000,0.00000,0.00000,0.00000,0.00000,0.00000,0.00000,0.00000,0.00000,0.00000,0.00000
632,2,65,Alnus,ALNUsinu,0.00000,0.00000,0.00000,0.00000,0.00000,0.00000,0.00000,0.00000,0.00000,0.00000,0.00000,0.00000
632,2,65,Alnus,ALNUtenu,0.00000,0.00000,0.153060E-01,0.00000,0.00000,0.00000,0.00000,0.00000,0.00000,0.358330,0.153060E-01,0.119293
632,2,65,Betula,BETUneoa,0.00000,0.00000,0.896618E-01,0.395263E-01,0.00000,0.135076,0.00000,0.00000,0.00000,2.23274,0.264264,0.907098
632,2,65,Larix,LARIlari,0.00000,0.00000,0.459676E-01,0.00000,0.00000,0.00000,0.00000,0.00000,0.00000,1.11807,0.459676E-01,0.182498
632,2,65,Picea,PICEglau,0.00000,0.00000,0.696343E-01,0.100488E-01,0.00000,0.213841,0.00000,0.00000,0.00000,3.80528,0.293525,0.617915
632,2,65,Picea,PICEmari,0.00000,0.00000,0.509812,0.138684E-01,0.00000,0.582293E-01,0.00000,0.00000,0.00000,5.34862,0.581909,0.569743
632,2,65,Populus,POPUbals,0.00000,0.00000,0.198171E-01,0.00000,0.00000,0.152154,0.00000,0.00000,0.00000,0.653844,0.171971,2.16491
632,2,65,Populus,POPUtrem,0.00000,0.00000,0.152020E-01,0.772165E-03,0.00000,0.235693,0.00000,0.00000,0.00000,1.62029,0.251667,1.05965
632,2,65,Salix,SALIscou,0.00000,0.00000,0.00000,0.00000,0.00000,0.00000,0.00000,0.00000,0.00000,0.00000,0.00000,0.00000
632,2,70,Alnus,ALNUsinu,0.00000,0.00000,0.00000,0.00000,0.00000,0.00000,0.00000,0.00000,0.00000,0.00000,0.00000,0.00000
632,2,70,Alnus,ALNUtenu,0.00000,0.00000,0.00000,0.00000,0.00000,0.00000,0.00000,0.00000,0.00000,0.00000,0.00000,0.00000
632,2,70,Betula,BETUneoa,0.00000,0.779713E-01,0.330847E-01,0.00000,0.00000,0.00000,0.00000,0.00000,0.00000,0.888047,0.111056,0.643872
632,2,70,Larix,LARIlari,0.00000,0.00000,0.774190E-01,0.00000,0.00000,0.00000,0.00000,0.00000,0.00000,1.18701,0.774190E-01,0.297518
632,2,70,Picea,PICEglau,0.00000,0.377102,0.242564E-01,0.00000,0.00000,0.00000,0.00000,0.00000,0.00000,4.23220,0.401358,0.859446
632,2,70,Picea,PICEmari,0.00000,0.523999,0.210647,0.00000,0.00000,0.00000,0.00000,0.00000,0.00000,6.31755,0.734647,0.783210
632,2,70,Populus,POPUbals,0.00000,0.00000,0.547320E-03,0.00000,0.00000,0.00000,0.00000,0.00000,0.00000,0.798323E-01,0.547320E-03,0.511802E-02
632,2,70,Populus,POPUtrem,0.00000,0.00000,0.314532E-02,0.00000,0.00000,0.260935,0.00000,0.00000,0.00000,1.64904,0.264080,1.17320
632,2,70,Salix,SALIscou,0.00000,0.00000,0.00000,0.00000,0.00000,0.00000,0.00000,0.00000,0.00000,0.00000,0.00000,0.00000
632,2,75,Alnus,ALNUsinu,0.00000,0.00000,0.00000,0.00000,0.00000,0.00000,0.00000,0.00000,0.00000,0.00000,0.00000,0.00000
632,2,75,Alnus,ALNUtenu,0.00000,0.00000,0.00000,0.00000,0.00000,0.00000,0.00000,0.00000,0.00000,0.00000,0.00000,0.00000
632,2,75,Betula,BETUneoa,0.00000,0.00000,0.163938,0.00000,0.00000,0.133905,0.00000,0.00000,0.00000,1.77566,0.297843,1.17059
632,2,75,Larix,LARIlari,0.00000,0.00000,0.964393E-01,0.00000,0.00000,0.00000,0.00000,0.00000,0.00000,1.26261,0.964393E-01,0.369089
632,2,75,Picea,PICEglau,0.00000,0.00000,0.958412E-01,0.00000,0.00000,0.427538,0.00000,0.00000,0.00000,5.15167,0.523379,0.968090
632,2,75,Picea,PICEmari,0.00000,0.00000,0.747971,0.00000,0.00000,0.113079,0.00000,0.00000,0.00000,6.89633,0.861050,0.998992
632,2,75,Populus,POPUbals,0.00000,0.00000,0.112242E-03,0.00000,0.00000,0.00000,0.00000,0.00000,0.00000,0.314604E-01,0.112242E-03,0.140907E-02
632,2,75,Populus,POPUtrem,0.00000,0.00000,0.253883E-02,0.00000,0.00000,0.111725,0.00000,0.00000,0.00000,0.710694,0.114264,0.909173
632,2,75,Salix,SALIscou,0.00000,0.00000,0.00000,0.00000,0.00000,0.00000,0.00000,0.00000,0.00000,0.00000,0.00000,0.00000
632,2,80,Alnus,ALNUsinu,0.00000,0.00000,0.00000,0.00000,0.00000,0.00000,0.00000,0.00000,0.00000,0.00000,0.00000,0.00000
632,2,80,Alnus,ALNUtenu,0.00000,0.00000,0.00000,0.00000,0.00000,0.00000,0.00000,0.00000,0.00000,0.00000,0.00000,0.00000
632,2,80,Betula,BETUneoa,0.00000,0.00000,0.208111E-02,0.00000,0.00000,0.149241,0.00000,0.00000,0.00000,0.981210,0.151322,0.937937
632,2,80,Larix,LARIlari,0.00000,0.00000,0.101403,0.00000,0.00000,0.00000,0.00000,0.00000,0.00000,1.45721,0.101403,0.372992
632,2,80,Picea,PICEglau,0.00000,0.00000,0.373427E-01,0.00000,0.00000,0.338747,0.00000,0.00000,0.00000,3.46803,0.376090,1.01449
632,2,80,Picea,PICEmari,0.00000,0.00000,0.663121,0.00000,0.00000,0.105407,0.00000,0.00000,0.00000,7.00446,0.768528,1.00488
632,2,80,Populus,POPUbals,0.00000,0.00000,0.381815E-05,0.00000,0.00000,0.00000,0.00000,0.00000,0.00000,0.547119E-02,0.381815E-05,0.539968E-04
632,2,80,Populus,POPUtrem,0.00000,0.00000,0.184494E-02,0.00000,0.00000,0.180304,0.00000,0.00000,0.00000,0.832473,0.182149,1.26782
632,2,80,Salix,SALIscou,0.00000,0.00000,0.00000,0.00000,0.00000,0.00000,0.00000,0.00000,0.00000,0.00000,0.00000,0.00000
632,2,85,Alnus,ALNUsinu,0.00000,0.00000,0.00000,0.00000,0.00000,0.00000,0.00000,0.00000,0.00000,0.00000,0.00000,0.00000
632,2,85,Alnus,ALNUtenu,0.00000,0.00000,0.00000,0.00000,0.00000,0.00000,0.00000,0.00000,0.00000,0.00000,0.00000,0.00000
632,2,85,Betula,BETUneoa,0.00000,0.00000,0.978901E-01,0.00000,0.00000,0.425758E-01,0.00000,0.00000,0.00000,0.775820,0.140466,1.00714
632,2,85,Larix,LARIlari,0.00000,0.00000,0.660533E-01,0.809100E-02,0.00000,0.00000,0.00000,0.00000,0.00000,0.966929,0.741443E-01,0.347876
632,2,85,Picea,PICEglau,0.00000,0.00000,0.146002E-01,0.00000,0.00000,0.431114,0.00000,0.00000,0.00000,3.45203,0.445715,1.18961
632,2,85,Picea,PICEmari,0.00000,0.00000,0.732794,0.00000,0.00000,0.521409E-01,0.00000,0.00000,0.00000,7.49485,0.784935,1.04486
632,2,85,Populus,POPUbals,0.00000,0.00000,0.00000,0.00000,0.00000,0.00000,0.00000,0.00000,0.00000,0.00000,0.00000,0.00000
632,2,85,Populus,POPUtrem,0.00000,0.00000,0.767001E-02,0.00000,0.00000,0.833538E-01,0.00000,0.00000,0.00000,0.482818,0.910238E-01,0.850416
632,2,85,Salix,SALIscou,0.00000,0.00000,0.00000,0.00000,0.00000,0.00000,0.00000,0.00000,0.00000,0.00000,0.00000,0.00000
632,2,90,Alnus,ALNUsinu,0.00000,0.00000,0.00000,0.00000,0.00000,0.00000,0.00000,0.00000,0.00000,0.00000,0.00000,0.00000
632,2,90,Alnus,ALNUtenu,0.00000,0.00000,0.00000,0.00000,0.00000,0.00000,0.00000,0.00000,0.00000,0.00000,0.00000,0.00000
632,2,90,Betula,BETUneoa,0.00000,0.00000,0.961493E-03,0.00000,0.103346,0.00000,0.00000,0.00000,0.00000,0.567379,0.104307,0.844585
632,2,90,Larix,LARIlari,0.00000,0.00000,0.192426E-01,0.00000,0.399765E-01,0.00000,0.00000,0.00000,0.00000,0.700179,0.592192E-01,0.357987
632,2,90,Picea,PICEglau,0.00000,0.00000,0.143029E-02,0.171968E-02,0.463152,0.00000,0.00000,0.00000,0.00000,3.61491,0.466302,1.21817
632,2,90,Picea,PICEmari,0.00000,0.00000,0.272267,0.555963E-01,0.489429,0.00000,0.00000,0.00000,0.00000,7.97954,0.817292,1.11753
632,2,90,Populus,POPUbals,0.00000,0.00000,0.539631E-04,0.00000,0.00000,0.00000,0.00000,0.00000,0.00000,0.163464E-01,0.539631E-04,0.763153E-03
632,2,90,Populus,POPUtrem,0.00000,0.00000,0.135159E-03,0.00000,0.758393E-02,0.00000,0.00000,0.00000,0.00000,0.224872,0.771909E-02,0.668645E-01
632,2,90,Salix,SALIscou,0.00000,0.00000,0.00000,0.00000,0.00000,0.00000,0.00000,0.00000,0.00000,0.00000,0.00000,0.00000
632,2,95,Alnus,ALNUsinu,0.00000,0.00000,0.00000,0.00000,0.00000,0.00000,0.00000,0.00000,0.00000,0.00000,0.00000,0.00000
632,2,95,Alnus,ALNUtenu,0.00000,0.00000,0.00000,0.00000,0.00000,0.00000,0.00000,0.00000,0.00000,0.00000,0.00000,0.00000
632,2,95,Betula,BETUneoa,0.00000,0.116479,0.252321E-02,0.00000,0.00000,0.00000,0.00000,0.00000,0.00000,0.647759,0.119002,0.951618
632,2,95,Larix,LARIlari,0.00000,0.333055E-01,0.117012,0.440456E-01,0.00000,0.00000,0.00000,0.00000,0.00000,1.59682,0.194363,0.733398
632,2,95,Picea,PICEglau,0.00000,0.454156,0.356205E-02,0.155227E-01,0.00000,0.00000,0.00000,0.00000,0.00000,3.10766,0.473241,1.49195
632,2,95,Picea,PICEmari,0.00000,0.638230,0.00000,0.00000,0.00000,0.00000,0.00000,0.00000,0.00000,7.54944,0.638230,1.03494
632,2,95,Populus,POPUbals,0.00000,0.00000,0.00000,0.00000,0.00000,0.00000,0.00000,0.00000,0.00000,0.00000,0.00000,0.00000
632,2,95,Populus,POPUtrem,0.00000,0.00000,0.133974E-02,0.00000,0.00000,0.00000,0.00000,0.00000,0.00000,0.128186,0.133974E-02,0.131815E-01
632,2,95,Salix,SALIscou,0.00000,0.00000,0.00000,0.00000,0.00000,0.00000,0.00000,0.00000,0.00000,0.00000,0.00000,0.00000
632,2,100,Alnus,ALNUsinu,0.00000,0.00000,0.00000,0.00000,0.00000,0.00000,0.00000,0.00000,0.00000,0.00000,0.00000,0.00000
632,2,100,Alnus,ALNUtenu,0.00000,0.00000,0.00000,0.00000,0.00000,0.00000,0.00000,0.00000,0.00000,0.00000,0.00000,0.00000
632,2,100,Betula,BETUneoa,0.00000,0.00000,0.754892E-02,0.00000,0.00000,0.582560E-01,0.00000,0.00000,0.00000,0.368130,0.658049E-01,0.829093
632,2,100,Larix,LARIlari,0.00000,0.00000,0.103282,0.00000,0.00000,0.00000,0.00000,0.00000,0.00000,1.00460,0.103282,0.565504
632,2,100,Picea,PICEglau,0.00000,0.00000,0.283946E-01,0.00000,0.00000,0.843982,0.00000,0.00000,0.00000,4.87474,0.872376,2.13462
632,2,100,Picea,PICEmari,0.00000,0.00000,0.750559,0.00000,0.00000,0.101887,0.00000,0.00000,0.00000,7.87078,0.852446,1.29649
632,2,100,Populus,POPUbals,0.00000,0.00000,0.752033E-05,0.00000,0.00000,0.00000,0.00000,0.00000,0.00000,0.735604E-02,0.752033E-05,0.106354E-03
632,2,100,Populus,POPUtrem,0.00000,0.00000,0.138285E-02,0.00000,0.00000,0.00000,0.00000,0.00000,0.00000,0.432663E-01,0.138285E-02,0.191401E-01
632,2,100,Salix,SALIscou,0.00000,0.00000,0.00000,0.00000,0.00000,0.00000,0.00000,0.00000,0.00000,0.00000,0.00000,0.00000
632,2,105,Alnus,ALNUsinu,0.00000,0.00000,0.00000,0.00000,0.00000,0.00000,0.00000,0.00000,0.00000,0.00000,0.00000,0.00000
632,2,105,Alnus,ALNUtenu,0.00000,0.00000,0.00000,0.00000,0.00000,0.00000,0.00000,0.00000,0.00000,0.00000,0.00000,0.00000
632,2,105,Betula,BETUneoa,0.00000,0.00000,0.314006E-04,0.00000,0.00000,0.00000,0.00000,0.00000,0.00000,0.115670E-01,0.314006E-04,0.444071E-03
632,2,105,Larix,LARIlari,0.00000,0.00000,0.439235E-01,0.00000,0.00000,0.00000,0.00000,0.00000,0.00000,0.472150,0.439235E-01,0.366270
632,2,105,Picea,PICEglau,0.00000,0.567056,0.298175E-01,0.00000,0.00000,0.00000,0.00000,0.00000,0.00000,3.43230,0.596873,1.82685
632,2,105,Picea,PICEmari,0.00000,0.439158,0.177613,0.442260E-02,0.00000,0.00000,0.00000,0.00000,0.00000,6.64850,0.621193,1.06138
632,2,105,Populus,POPUbals,0.00000,0.00000,0.318101E-03,0.00000,0.00000,0.00000,0.00000,0.00000,0.00000,0.420556E-01,0.318101E-03,0.432164E-02
632,2,105,Populus,POPUtrem,0.00000,0.00000,0.529803E-02,0.00000,0.00000,0.00000,0.00000,0.00000,0.00000,0.907185E-01,0.529803E-02,0.746282E-01
632,2,105,Salix,SALIscou,0.00000,0.00000,0.00000,0.00000,0.00000,0.00000,0.00000,0.00000,0.00000,0.00000,0.00000,0.00000
632,2,110,Alnus,ALNUsinu,0.00000,0.00000,0.00000,0.00000,0.00000,0.00000,0.00000,0.00000,0.00000,0.00000,0.00000,0.00000
632,2,110,Alnus,ALNUtenu,0.00000,0.00000,0.00000,0.00000,0.00000,0.00000,0.00000,0.00000,0.00000,0.00000,0.00000,0.00000
632,2,110,Betula,BETUneoa,0.00000,0.00000,0.544248E-01,0.00000,0.00000,0.00000,0.00000,0.00000,0.00000,0.240564,0.544248E-01,0.767542
632,2,110,Larix,LARIlari,0.00000,0.00000,0.141068,0.00000,0.00000,0.00000,0.00000,0.00000,0.00000,1.04766,0.141068,0.725844
632,2,110,Picea,PICEglau,0.00000,0.00000,0.275191E-01,0.00000,0.00000,0.705634,0.00000,0.00000,0.00000,3.83117,0.733153,2.05768
632,2,110,Picea,PICEmari,0.00000,0.00000,0.568509,0.00000,0.00000,0.676768E-01,0.00000,0.00000,0.00000,5.82781,0.636185,1.08000
632,2,110,Populus,POPUbals,0.00000,0.00000,0.747825E-04,0.00000,0.00000,0.00000,0.00000,0.00000,0.00000,0.185389E-01,0.747825E-04,0.105758E-02
632,2,110,Populus,POPUtrem,0.00000,0.00000,0.568030E-03,0.00000,0.00000,0.00000,0.00000,0.00000,0.00000,0.467518E-01,0.568030E-03,0.796038E-02
632,2,110,Salix,SALIscou,0.00000,0.00000,0.00000,0.00000,0.00000,0.00000,0.00000,0.00000,0.00000,0.00000,0.00000,0.00000
632,2,115,Alnus,ALNUsinu,0.00000,0.00000,0.00000,0.00000,0.00000,0.00000,0.00000,0.00000,0.00000,0.00000,0.00000,0.00000
632,2,115,Alnus,ALNUtenu,0.00000,0.00000,0.00000,0.00000,0.00000,0.00000,0.00000,0.00000,0.00000,0.00000,0.00000,0.00000
632,2,115,Betula,BETUneoa,0.00000,0.00000,0.393945E-02,0.00000,0.00000,0.00000,0.00000,0.00000,0.00000,0.828793E-01,0.393945E-02,0.556135E-01
632,2,115,Larix,LARIlari,0.00000,0.00000,0.155012,0.00000,0.00000,0.00000,0.00000,0.00000,0.00000,0.802956,0.155012,0.885536
632,2,115,Picea,PICEglau,0.00000,0.00000,0.487465E-01,0.00000,0.00000,0.397851,0.00000,0.00000,0.00000,2.31704,0.446598,1.72442
632,2,115,Picea,PICEmari,0.00000,0.00000,0.482325,0.00000,0.00000,0.566433E-01,0.00000,0.00000,0.00000,5.04777,0.538968,0.924471
632,2,115,Populus,POPUbals,0.00000,0.00000,0.00000,0.00000,0.00000,0.00000,0.00000,0.00000,0.00000,0.00000,0.00000,0.00000
632,2,115,Populus,POPUtrem,0.00000,0.00000,0.705199E-04,0.00000,0.00000,0.850869E-01,0.00000,0.00000,0.00000,0.263196,0.851575E-01,1.20331
632,2,115,Salix,SALIscou,0.00000,0.00000,0.00000,0.00000,0.00000,0.00000,0.00000,0.00000,0.00000,0.00000,0.00000,0.00000
632,2,120,Alnus,ALNUsinu,0.00000,0.00000,0.00000,0.00000,0.00000,0.00000,0.00000,0.00000,0.00000,0.00000,0.00000,0.00000
632,2,120,Alnus,ALNUtenu,0.00000,0.00000,0.00000,0.00000,0.00000,0.00000,0.00000,0.00000,0.00000,0.00000,0.00000,0.00000
632,2,120,Betula,BETUneoa,0.00000,0.00000,0.527098E-04,0.00000,0.00000,0.00000,0.00000,0.00000,0.00000,0.153435E-01,0.527098E-04,0.745430E-03
632,2,120,Larix,LARIlari,0.00000,0.00000,0.214123E-01,0.717579E-01,0.00000,0.00000,0.00000,0.00000,0.00000,0.737632,0.931701E-01,0.652526
632,2,120,Picea,PICEglau,0.00000,0.00000,0.196345E-01,0.755931E-01,0.00000,0.854067,0.00000,0.00000,0.00000,4.12991,0.949295,2.84417
632,2,120,Picea,PICEmari,0.00000,0.00000,0.545309,0.888615E-01,0.00000,0.306642E-01,0.00000,0.00000,0.00000,5.84371,0.664835,1.11575
632,2,120,Populus,POPUbals,0.00000,0.00000,0.00000,0.00000,0.00000,0.00000,0.00000,0.00000,0.00000,0.00000,0.00000,0.00000
632,2,120,Populus,POPUtrem,0.00000,0.00000,0.230567E-03,0.00000,0.00000,0.00000,0.00000,0.00000,0.00000,0.396255E-01,0.230567E-03,0.230543E-02
632,2,120,Salix,SALIscou,0.00000,0.00000,0.00000,0.00000,0.00000,0.00000,0.00000,0.00000,0.00000,0.00000,0.00000,0.00000
632,2,125,Alnus,ALNUsinu,0.00000,0.00000,0.00000,0.00000,0.00000,0.00000,0.00000,0.00000,0.00000,0.00000,0.00000,0.00000
632,2,125,Alnus,ALNUtenu,0.00000,0.00000,0.00000,0.00000,0.00000,0.00000,0.00000,0.00000,0.00000,0.00000,0.00000,0.00000
632,2,125,Betula,BETUneoa,0.00000,0.00000,0.283691E-03,0.00000,0.00000,0.00000,0.00000,0.00000,0.00000,0.390255E-01,0.283691E-03,0.351182E-02
632,2,125,Larix,LARIlari,0.00000,0.00000,0.239365E-01,0.309073E-01,0.00000,0.00000,0.00000,0.00000,0.00000,0.379379,0.548438E-01,0.529829
632,2,125,Picea,PICEglau,0.00000,0.00000,0.109110E-01,0.00000,0.00000,0.787542,0.00000,0.00000,0.00000,3.34740,0.798453,2.81503
632,2,125,Picea,PICEmari,0.00000,0.00000,0.576119,0.194710E-01,0.00000,0.550355E-01,0.00000,0.00000,0.00000,5.65300,0.650626,1.12326
632,2,125,Populus,POPUbals,0.00000,0.00000,0.349266E-02,0.00000,0.00000,0.00000,0.00000,0.00000,0.00000,0.852139E-01,0.349266E-02,0.492639E-01
632,2,125,Populus,POPUtrem,0.00000,0.00000,0.931897E-05,0.00000,0.00000,0.00000,0.00000,0.00000,0.00000,0.824409E-02,0.931897E-05,0.131790E-03
632,2,125,Salix,SALIscou,0.00000,0.00000,0.00000,0.00000,0.00000,0.00000,0.00000,0.00000,0.00000,0.00000,0.00000,0.00000
632,2,130,Alnus,ALNUsinu,0.00000,0.00000,0.00000,0.00000,0.00000,0.00000,0.00000,0.00000,0.00000,0.00000,0.00000,0.00000
632,2,130,Alnus,ALNUtenu,0.00000,0.00000,0.00000,0.00000,0.00000,0.00000,0.00000,0.00000,0.00000,0.00000,0.00000,0.00000
632,2,130,Betula,BETUneoa,0.00000,0.00000,0.180038E-03,0.00000,0.00000,0.00000,0.00000,0.00000,0.00000,0.238436E-01,0.180038E-03,0.254612E-02
632,2,130,Larix,LARIlari,0.00000,0.00000,0.821290E-01,0.00000,0.00000,0.00000,0.00000,0.00000,0.00000,0.512510,0.821290E-01,0.670078
632,2,130,Picea,PICEglau,0.00000,0.00000,0.191255E-01,0.00000,0.00000,0.488048,0.00000,0.00000,0.00000,2.01700,0.507174,2.32706
632,2,130,Picea,PICEmari,0.00000,0.00000,0.503698,0.549555E-01,0.00000,0.408293E-01,0.00000,0.00000,0.00000,5.08172,0.599482,1.02605
632,2,130,Populus,POPUbals,0.00000,0.00000,0.00000,0.00000,0.00000,0.00000,0.00000,0.00000,0.00000,0.00000,0.00000,0.00000
632,2,130,Populus,POPUtrem,0.00000,0.00000,0.101413E-04,0.00000,0.00000,0.472239E-01,0.00000,0.00000,0.00000,0.204265,0.472341E-01,0.667847
632,2,130,Salix,SALIscou,0.00000,0.00000,0.00000,0.00000,0.00000,0.00000,0.00000,0.00000,0.00000,0.00000,0.00000,0.00000
632,2,135,Alnus,ALNUsinu,0.00000,0.00000,0.00000,0.00000,0.00000,0.00000,0.00000,0.00000,0.00000,0.00000,0.00000,0.00000
632,2,135,Alnus,ALNUtenu,0.00000,0.00000,0.00000,0.00000,0.00000,0.00000,0.00000,0.00000,0.00000,0.00000,0.00000,0.00000
632,2,135,Betula,BETUneoa,0.00000,0.00000,0.546225E-05,0.00000,0.00000,0.00000,0.00000,0.00000,0.00000,0.565336E-02,0.546225E-05,0.772478E-04
632,2,135,Larix,LARIlari,0.00000,0.00000,0.377566E-01,0.00000,0.00000,0.217281E-01,0.00000,0.00000,0.00000,0.372520,0.594848E-01,0.542351
632,2,135,Picea,PICEglau,0.00000,0.00000,0.123412E-03,0.00000,0.00000,0.671431,0.00000,0.00000,0.00000,2.54471,0.671554,2.68173
632,2,135,Picea,PICEmari,0.00000,0.00000,0.648868,0.125023E-01,0.00000,0.958776E-01,0.00000,0.00000,0.00000,4.84622,0.757248,1.30453
632,2,135,Populus,POPUbals,0.00000,0.00000,0.237524E-02,0.00000,0.00000,0.00000,0.00000,0.00000,0.00000,0.670598E-01,0.237524E-02,0.335910E-01
632,2,135,Populus,POPUtrem,0.00000,0.00000,0.00000,0.00000,0.00000,0.00000,0.00000,0.00000,0.00000,0.00000,0.00000,0.00000
632,2,135,Salix,SALIscou,0.00000,0.00000,0.00000,0.00000,0.00000,0.00000,0.00000,0.00000,0.00000,0.00000,0.00000,0.00000
632,2,140,Alnus,ALNUsinu,0.00000,0.00000,0.00000,0.00000,0.00000,0.00000,0.00000,0.00000,0.00000,0.00000,0.00000,0.00000
632,2,140,Alnus,ALNUtenu,0.00000,0.00000,0.00000,0.00000,0.00000,0.00000,0.00000,0.00000,0.00000,0.00000,0.00000,0.00000
632,2,140,Betula,BETUneoa,0.00000,0.00000,0.00000,0.00000,0.00000,0.00000,0.00000,0.00000,0.00000,0.00000,0.00000,0.00000
632,2,140,Larix,LARIlari,0.00000,0.00000,0.768072E-01,0.00000,0.00000,0.00000,0.00000,0.00000,0.00000,0.452484,0.768072E-01,0.725592
632,2,140,Picea,PICEglau,0.00000,0.00000,0.188197E-01,0.00000,0.00000,0.643210,0.00000,0.00000,0.00000,2.32705,0.662030,2.84606
632,2,140,Picea,PICEmari,0.00000,0.00000,0.668235,0.00000,0.301305E-01,0.952196E-01,0.00000,0.00000,0.00000,5.82092,0.793585,1.44707
632,2,140,Populus,POPUbals,0.00000,0.00000,0.00000,0.00000,0.00000,0.00000,0.00000,0.00000,0.00000,0.00000,0.00000,0.00000
632,2,140,Populus,POPUtrem,0.00000,0.00000,0.188575E-02,0.00000,0.00000,0.00000,0.00000,0.00000,0.00000,0.677650E-01,0.188575E-02,0.256644E-01
632,2,140,Salix,SALIscou,0.00000,0.00000,0.00000,0.00000,0.00000,0.00000,0.00000,0.00000,0.00000,0.00000,0.00000,0.00000
632,2,145,Alnus,ALNUsinu,0.00000,0.00000,0.00000,0.00000,0.00000,0.00000,0.00000,0.00000,0.00000,0.00000,0.00000,0.00000
632,2,145,Alnus,ALNUtenu,0.00000,0.00000,0.00000,0.00000,0.00000,0.00000,0.00000,0.00000,0.00000,0.00000,0.00000,0.00000
632,2,145,Betula,BETUneoa,0.00000,0.00000,0.140514E-04,0.00000,0.00000,0.00000,0.00000,0.00000,0.00000,0.838700E-02,0.140514E-04,0.198717E-03
632,2,145,Larix,LARIlari,0.00000,0.00000,0.119871E-02,0.00000,0.00000,0.283032E-01,0.00000,0.00000,0.00000,0.212667,0.295019E-01,0.400516
632,2,145,Picea,PICEglau,0.00000,0.00000,0.518507E-04,0.00000,0.00000,0.513685,0.00000,0.00000,0.00000,1.88650,0.513737,2.46995
632,2,145,Picea,PICEmari,0.00000,0.00000,0.625485,0.743667E-01,0.00000,0.833411E-01,0.00000,0.00000,0.00000,5.61495,0.783193,1.45748
632,2,145,Populus,POPUbals,0.00000,0.00000,0.00000,0.00000,0.00000,0.00000,0.00000,0.00000,0.00000,0.00000,0.00000,0.00000
632,2,145,Populus,POPUtrem,0.00000,0.00000,0.169965E-03,0.00000,0.00000,0.00000,0.00000,0.00000,0.00000,0.223492E-01,0.169965E-03,0.240367E-02
632,2,145,Salix,SALIscou,0.00000,0.00000,0.00000,0.00000,0.00000,0.00000,0.00000,0.00000,0.00000,0.00000,0.00000,0.00000
632,2,150,Alnus,ALNUsinu,0.00000,0.00000,0.00000,0.00000,0.00000,0.00000,0.00000,0.00000,0.00000,0.00000,0.00000,0.00000
632,2,150,Alnus,ALNUtenu,0.00000,0.00000,0.00000,0.00000,0.00000,0.00000,0.00000,0.00000,0.00000,0.00000,0.00000,0.00000
632,2,150,Betula,BETUneoa,0.00000,0.00000,0.00000,0.00000,0.00000,0.00000,0.00000,0.00000,0.00000,0.00000,0.00000,0.00000
632,2,150,Larix,LARIlari,0.00000,0.00000,0.351159E-01,0.197838E-01,0.00000,0.00000,0.00000,0.00000,0.00000,0.464360,0.548997E-01,0.473974
632,2,150,Picea,PICEglau,0.00000,0.00000,0.121709E-01,0.929816E-02,0.00000,0.512704,0.00000,0.00000,0.00000,1.71407,0.534173,2.73332
632,2,150,Picea,PICEmari,0.00000,0.00000,0.432206,0.271378,0.00000,0.483810E-01,0.00000,0.00000,0.00000,6.12891,0.751964,1.24618
632,2,150,Populus,POPUbals,0.00000,0.00000,0.00000,0.00000,0.00000,0.00000,0.00000,0.00000,0.00000,0.00000,0.00000,0.00000
632,2,150,Populus,POPUtrem,0.00000,0.00000,0.00000,0.00000,0.00000,0.00000,0.00000,0.00000,0.00000,0.00000,0.00000,0.00000
632,2,150,Salix,SALIscou,0.00000,0.00000,0.00000,0.00000,0.00000,0.00000,0.00000,0.00000,0.00000,0.00000,0.00000,0.00000
632,2,155,Alnus,ALNUsinu,0.00000,0.00000,0.00000,0.00000,0.00000,0.00000,0.00000,0.00000,0.00000,0.00000,0.00000,0.00000
632,2,155,Alnus,ALNUtenu,0.00000,0.00000,0.00000,0.00000,0.00000,0.00000,0.00000,0.00000,0.00000,0.00000,0.00000,0.00000
632,2,155,Betula,BETUneoa,0.00000,0.00000,0.00000,0.00000,0.00000,0.00000,0.00000,0.00000,0.00000,0.00000,0.00000,0.00000
632,2,155,Larix,LARIlari,0.00000,0.00000,0.394136E-02,0.00000,0.00000,0.00000,0.00000,0.00000,0.00000,0.143026,0.394135E-02,0.485867E-01
632,2,155,Picea,PICEglau,0.00000,0.00000,0.153525E-01,0.114936E-02,0.00000,0.483748,0.00000,0.00000,0.00000,1.74576,0.500250,2.76428
632,2,155,Picea,PICEmari,0.00000,0.00000,0.530150,0.188799,0.00000,0.730629E-01,0.00000,0.00000,0.00000,6.21853,0.792011,1.29771
632,2,155,Populus,POPUbals,0.00000,0.00000,0.155695E-03,0.00000,0.00000,0.00000,0.00000,0.00000,0.00000,0.244921E-01,0.155695E-03,0.220186E-02
632,2,155,Populus,POPUtrem,0.00000,0.00000,0.300125E-05,0.00000,0.00000,0.00000,0.00000,0.00000,0.00000,0.462529E-02,0.300125E-05,0.424441E-04
632,2,155,Salix,SALIscou,0.00000,0.00000,0.00000,0.00000,0.00000,0.00000,0.00000,0.00000,0.00000,0.00000,0.00000,0.00000
632,2,160,Alnus,ALNUsinu,0.00000,0.00000,0.00000,0.00000,0.00000,0.00000,0.00000,0.00000,0.00000,0.00000,0.00000,0.00000
632,2,160,Alnus,ALNUtenu,0.00000,0.00000,0.00000,0.00000,0.00000,0.00000,0.00000,0.00000,0.00000,0.00000,0.00000,0.00000
632,2,160,Betula,BETUneoa,0.00000,0.00000,0.00000,0.00000,0.00000,0.00000,0.00000,0.00000,0.00000,0.00000,0.00000,0.00000
632,2,160,Larix,LARIlari,0.00000,0.00000,0.796491E-01,0.00000,0.00000,0.00000,0.00000,0.00000,0.00000,0.448474,0.796491E-01,0.804873
632,2,160,Picea,PICEglau,0.00000,0.00000,0.464286E-03,0.00000,0.00000,0.243376,0.00000,0.00000,0.00000,0.886238,0.243841,1.80022
632,2,160,Picea,PICEmari,0.00000,0.00000,0.673799,0.142552E-01,0.00000,0.244915,0.00000,0.00000,0.00000,6.69888,0.932969,1.48816
632,2,160,Populus,POPUbals,0.00000,0.00000,0.260105E-03,0.00000,0.00000,0.00000,0.00000,0.00000,0.00000,0.200273E-01,0.260105E-03,0.367844E-02
632,2,160,Populus,POPUtrem,0.00000,0.00000,0.326299E-05,0.00000,0.00000,0.00000,0.00000,0.00000,0.00000,0.563750E-02,0.326299E-05,0.461456E-04
632,2,160,Salix,SALIscou,0.00000,0.00000,0.00000,0.00000,0.00000,0.00000,0.00000,0.00000,0.00000,0.00000,0.00000,0.00000
632,2,165,Alnus,ALNUsinu,0.00000,0.00000,0.00000,0.00000,0.00000,0.00000,0.00000,0.00000,0.00000,0.00000,0.00000,0.00000
632,2,165,Alnus,ALNUtenu,0.00000,0.00000,0.00000,0.00000,0.00000,0.00000,0.00000,0.00000,0.00000,0.00000,0.00000,0.00000
632,2,165,Betula,BETUneoa,0.00000,0.00000,0.00000,0.00000,0.00000,0.00000,0.00000,0.00000,0.00000,0.00000,0.00000,0.00000
632,2,165,Larix,LARIlari,0.00000,0.00000,0.00000,0.421441E-01,0.562916E-02,0.00000,0.00000,0.00000,0.00000,0.253427,0.477733E-01,0.600905
632,2,165,Picea,PICEglau,0.00000,0.00000,0.00000,0.902645E-01,0.448919,0.00000,0.00000,0.00000,0.00000,1.60851,0.539183,3.05445
632,2,165,Picea,PICEmari,0.00000,0.00000,0.198102,0.518545,0.255155,0.780098E-02,0.00000,0.00000,0.00000,6.92719,0.979603,1.80677
632,2,165,Populus,POPUbals,0.00000,0.00000,0.00000,0.00000,0.00000,0.00000,0.00000,0.00000,0.00000,0.00000,0.00000,0.00000
632,2,165,Populus,POPUtrem,0.00000,0.00000,0.00000,0.00000,0.171028E-03,0.00000,0.00000,0.00000,0.00000,0.224008E-01,0.171028E-03,0.241870E-02
632,2,165,Salix,SALIscou,0.00000,0.00000,0.00000,0.00000,0.00000,0.00000,0.00000,0.00000,0.00000,0.00000,0.00000,0.00000
632,2,170,Alnus,ALNUsinu,0.00000,0.00000,0.00000,0.00000,0.00000,0.00000,0.00000,0.00000,0.00000,0.00000,0.00000,0.00000
632,2,170,Alnus,ALNUtenu,0.00000,0.00000,0.00000,0.00000,0.00000,0.00000,0.00000,0.00000,0.00000,0.00000,0.00000,0.00000
632,2,170,Betula,BETUneoa,0.00000,0.00000,0.786220E-03,0.00000,0.00000,0.537061E-04,0.00000,0.00000,0.00000,0.717320E-01,0.839926E-03,0.105340E-01
632,2,170,Larix,LARIlari,0.00000,0.00000,0.694840E-01,0.607361E-03,0.00000,0.00000,0.00000,0.00000,0.00000,0.349195,0.700914E-01,0.963150
632,2,170,Picea,PICEglau,0.00000,0.00000,0.473851E-01,0.841988E-01,0.00000,0.455245,0.00000,0.00000,0.00000,1.81434,0.586829,3.10810
632,2,170,Picea,PICEmari,0.00000,0.00000,0.653407,0.703425E-01,0.00000,0.178065,0.00000,0.00000,0.00000,6.57852,0.901814,1.68999
632,2,170,Populus,POPUbals,0.00000,0.00000,0.166931E-04,0.00000,0.00000,0.00000,0.00000,0.00000,0.00000,0.148534E-01,0.166931E-04,0.184935E-03
632,2,170,Populus,POPUtrem,0.00000,0.00000,0.00000,0.00000,0.00000,0.00000,0.00000,0.00000,0.00000,0.00000,0.00000,0.00000
632,2,170,Salix,SALIscou,0.00000,0.00000,0.00000,0.00000,0.00000,0.00000,0.00000,0.00000,0.00000,0.00000,0.00000,0.00000
632,2,175,Alnus,ALNUsinu,0.00000,0.00000,0.00000,0.00000,0.00000,0.00000,0.00000,0.00000,0.00000,0.00000,0.00000,0.00000
632,2,175,Alnus,ALNUtenu,0.00000,0.00000,0.00000,0.00000,0.00000,0.00000,0.00000,0.00000,0.00000,0.00000,0.00000,0.00000
632,2,175,Betula,BETUneoa,0.00000,0.224352E-03,0.363911E-03,0.00000,0.00000,0.00000,0.00000,0.00000,0.00000,0.622660E-01,0.588262E-03,0.509442E-02
632,2,175,Larix,LARIlari,0.00000,0.00000,0.141114E-02,0.00000,0.00000,0.00000,0.00000,0.00000,0.00000,0.113559,0.141114E-02,0.138591E-01
632,2,175,Picea,PICEglau,0.00000,0.523304,0.578290E-02,0.00000,0.110289E-04,0.00000,0.00000,0.00000,0.00000,1.72682,0.529098,3.09235
632,2,175,Picea,PICEmari,0.00000,0.686158,0.740362E-01,0.251263E-01,0.00000,0.00000,0.00000,0.00000,0.00000,6.08958,0.785320,1.16124
632,2,175,Populus,POPUbals,0.00000,0.00000,0.00000,0.00000,0.00000,0.00000,0.00000,0.00000,0.00000,0.00000,0.00000,0.00000
632,2,175,Populus,POPUtrem,0.00000,0.00000,0.219348E-03,0.00000,0.00000,0.438396E-01,0.00000,0.00000,0.00000,0.221513,0.440589E-01,0.619974
632,2,175,Salix,SALIscou,0.00000,0.00000,0.00000,0.00000,0.00000,0.00000,0.00000,0.00000,0.00000,0.00000,0.00000,0.00000
632,2,180,Alnus,ALNUsinu,0.00000,0.00000,0.00000,0.00000,0.00000,0.00000,0.00000,0.00000,0.00000,0.00000,0.00000,0.00000
632,2,180,Alnus,ALNUtenu,0.00000,0.00000,0.00000,0.00000,0.00000,0.00000,0.00000,0.00000,0.00000,0.00000,0.00000,0.00000
632,2,180,Betula,BETUneoa,0.00000,0.00000,0.126890E-03,0.00000,0.00000,0.00000,0.00000,0.00000,0.00000,0.151872E-01,0.126890E-03,0.179449E-02
632,2,180,Larix,LARIlari,0.00000,0.00000,0.708065E-01,0.00000,0.00000,0.238941E-01,0.00000,0.00000,0.00000,0.328948,0.947007E-01,1.05253
632,2,180,Picea,PICEglau,0.00000,0.00000,0.235720E-02,0.129079,0.00000,0.382505,0.00000,0.00000,0.00000,1.74628,0.513941,3.10611
632,2,180,Picea,PICEmari,0.00000,0.00000,0.387625,0.313707,0.00000,0.184109,0.00000,0.00000,0.00000,5.97792,0.885441,1.66859
632,2,180,Populus,POPUbals,0.00000,0.00000,0.107289E-02,0.00000,0.00000,0.00000,0.00000,0.00000,0.00000,0.500780E-01,0.107289E-02,0.151729E-01
632,2,180,Populus,POPUtrem,0.00000,0.00000,0.640666E-03,0.00000,0.00000,0.113244E-03,0.00000,0.00000,0.00000,0.666926E-01,0.753909E-03,0.751397E-02
632,2,180,Salix,SALIscou,0.00000,0.00000,0.00000,0.00000,0.00000,0.00000,0.00000,0.00000,0.00000,0.00000,0.00000,0.00000
632,2,185,Alnus,ALNUsinu,0.00000,0.00000,0.00000,0.00000,0.00000,0.00000,0.00000,0.00000,0.00000,0.00000,0.00000,0.00000
632,2,185,Alnus,ALNUtenu,0.00000,0.00000,0.00000,0.00000,0.00000,0.00000,0.00000,0.00000,0.00000,0.00000,0.00000,0.00000
632,2,185,Betula,BETUneoa,0.00000,0.00000,0.312244E-04,0.585485E-03,0.858934E-05,0.00000,0.00000,0.00000,0.00000,0.770142E-01,0.625299E-03,0.557913E-02
632,2,185,Larix,LARIlari,0.00000,0.00000,0.134378E-03,0.155315E-03,0.00000,0.00000,0.00000,0.00000,0.00000,0.693456E-01,0.289692E-03,0.244312E-02
632,2,185,Picea,PICEglau,0.00000,0.00000,0.137792E-03,0.541805,0.00000,0.00000,0.00000,0.00000,0.00000,1.59689,0.541942,3.18573
632,2,185,Picea,PICEmari,0.00000,0.00000,0.784683E-01,0.853916,0.00000,0.753081E-02,0.00000,0.00000,0.00000,6.63624,0.939915,1.67315
632,2,185,Populus,POPUbals,0.00000,0.00000,0.00000,0.00000,0.347950E-03,0.00000,0.00000,0.00000,0.00000,0.345867E-01,0.347950E-03,0.492076E-02
632,2,185,Populus,POPUtrem,0.00000,0.00000,0.285813E-04,0.00000,0.00000,0.00000,0.00000,0.00000,0.00000,0.187755E-01,0.285813E-04,0.311265E-03
632,2,185,Salix,SALIscou,0.00000,0.00000,0.00000,0.00000,0.00000,0.00000,0.00000,0.00000,0.00000,0.00000,0.00000,0.00000
632,2,190,Alnus,ALNUsinu,0.00000,0.00000,0.00000,0.00000,0.926896E-05,0.00000,0.00000,0.00000,0.00000,0.228024E-02,0.926896E-05,0.131083E-03
632,2,190,Alnus,ALNUtenu,0.672418E-05,0.00000,0.00000,0.00000,0.00000,0.00000,0.00000,0.00000,0.00000,0.354166E-02,0.672419E-05,0.950943E-04
632,2,190,Betula,BETUneoa,0.00000,0.00000,0.00000,0.00000,0.257773E-03,0.00000,0.00000,0.00000,0.00000,0.367556E-01,0.257773E-03,0.291311E-02
632,2,190,Larix,LARIlari,0.00000,0.00000,0.187546E-02,0.00000,0.532254E-03,0.00000,0.00000,0.00000,0.00000,0.158716,0.240772E-02,0.216964E-01
632,2,190,Picea,PICEglau,0.00000,0.00000,0.181621E-04,0.181342E-01,0.339041,0.00000,0.00000,0.00000,0.00000,1.18617,0.357193,2.64724
632,2,190,Picea,PICEmari,0.00000,0.00000,0.950274E-01,0.251278,0.670576,0.691637E-03,0.00000,0.00000,0.00000,6.66280,1.01757,1.72298
632,2,190,Populus,POPUbals,0.00000,0.00000,0.00000,0.00000,0.342916E-02,0.00000,0.00000,0.00000,0.00000,0.604635E-01,0.342916E-02,0.484957E-01
632,2,190,Populus,POPUtrem,0.00000,0.00000,0.00000,0.00000,0.243387E-01,0.00000,0.00000,0.00000,0.00000,0.126000,0.243387E-01,0.343573
632,2,190,Salix,SALIscou,0.00000,0.00000,0.00000,0.00000,0.363474E-05,0.00000,0.00000,0.00000,0.00000,0.167713E-02,0.363474E-05,0.514030E-04
632,2,195,Alnus,ALNUsinu,0.00000,0.00000,0.00000,0.00000,0.679943E-04,0.00000,0.00000,0.00000,0.00000,0.151062E-01,0.679943E-04,0.961585E-03
632,2,195,Alnus,ALNUtenu,0.00000,0.00000,0.00000,0.00000,0.00000,0.00000,0.00000,0.00000,0.00000,0.00000,0.00000,0.00000
632,2,195,Betula,BETUneoa,0.00000,0.00000,0.00000,0.00000,0.521985E-03,0.00000,0.00000,0.00000,0.00000,0.642119E-01,0.521985E-03,0.535665E-02
632,2,195,Larix,LARIlari,0.00000,0.00000,0.885715E-03,0.00000,0.881402E-04,0.00000,0.00000,0.00000,0.00000,0.101139,0.973856E-03,0.844228E-02
632,2,195,Picea,PICEglau,0.00000,0.00000,0.00000,0.163282E-01,0.153610E-03,0.00000,0.00000,0.00000,0.00000,0.272833,0.164818E-01,0.200800
632,2,195,Picea,PICEmari,0.00000,0.00000,0.824134E-01,0.513590,0.243884,0.112013E-01,0.00000,0.00000,0.00000,6.33839,0.851088,1.45800
632,2,195,Populus,POPUbals,0.00000,0.00000,0.00000,0.416323E-03,0.337946E-02,0.00000,0.00000,0.00000,0.00000,0.120837,0.379578E-02,0.463143E-01
632,2,195,Populus,POPUtrem,0.00000,0.00000,0.00000,0.00000,0.432939E-03,0.00000,0.00000,0.00000,0.00000,0.606860E-01,0.432939E-03,0.325255E-02
632,2,195,Salix,SALIscou,0.00000,0.00000,0.00000,0.00000,0.106446E-03,0.00000,0.00000,0.00000,0.00000,0.156682E-01,0.106446E-03,0.150538E-02
632,2,200,Alnus,ALNUsinu,0.00000,0.00000,0.00000,0.00000,0.00000,0.00000,0.00000,0.00000,0.00000,0.00000,0.00000,0.00000
632,2,200,Alnus,ALNUtenu,0.220722E-03,0.00000,0.00000,0.00000,0.00000,0.00000,0.00000,0.00000,0.00000,0.262730E-01,0.220722E-03,0.312148E-02
632,2,200,Betula,BETUneoa,0.00000,0.178759E-04,0.150783E-02,0.00000,0.00000,0.00000,0.00000,0.00000,0.00000,0.119886,0.152571E-02,0.155049E-01
632,2,200,Larix,LARIlari,0.00000,0.00000,0.113152E-02,0.387711E-01,0.00000,0.00000,0.00000,0.00000,0.00000,0.292124,0.399026E-01,0.547438
632,2,200,Picea,PICEglau,0.00000,0.230135,0.571600E-03,0.345099E-02,0.00000,0.00000,0.00000,0.00000,0.00000,0.717600,0.234158,2.23308
632,2,200,Picea,PICEmari,0.00000,0.438078,0.337455E-01,0.118654,0.00000,0.00000,0.00000,0.00000,0.00000,5.60902,0.590477,1.08845
632,2,200,Populus,POPUbals,0.00000,0.00000,0.205990E-04,0.00000,0.00000,0.00000,0.00000,0.00000,0.00000,0.111707E-01,0.205990E-04,0.291314E-03
632,2,200,Populus,POPUtrem,0.00000,0.00000,0.170270E-03,0.176155E-03,0.00000,0.534275E-03,0.00000,0.00000,0.00000,0.971275E-01,0.880701E-03,0.674404E-02
632,2,200,Salix,SALIscou,0.00000,0.00000,0.00000,0.00000,0.00000,0.00000,0.00000,0.00000,0.00000,0.00000,0.00000,0.00000
291,1,0,Alnus,ALNUsinu,0.00000,0.00000,0.00000,0.00000,0.00000,0.00000,0.00000,0.00000,0.00000,0.00000,0.00000,0.00000
291,1,0,Alnus,ALNUtenu,0.00000,0.00000,0.00000,0.00000,0.00000,0.00000,0.00000,0.00000,0.00000,0.00000,0.00000,0.00000
291,1,0,Betula,BETUneoa,0.00000,0.00000,0.00000,0.00000,0.00000,0.00000,0.00000,0.00000,0.00000,0.00000,0.00000,0.00000
291,1,0,Larix,LARIlari,0.00000,0.00000,0.00000,0.00000,0.00000,0.00000,0.00000,0.00000,0.00000,0.00000,0.00000,0.00000
291,1,0,Picea,PICEglau,0.00000,0.00000,0.00000,0.00000,0.00000,0.00000,0.00000,0.00000,0.00000,0.00000,0.00000,0.00000
291,1,0,Picea,PICEmari,0.00000,0.00000,0.00000,0.00000,0.00000,0.00000,0.00000,0.00000,0.00000,0.00000,0.00000,0.00000
291,1,0,Populus,POPUbals,0.00000,0.00000,0.00000,0.00000,0.00000,0.00000,0.00000,0.00000,0.00000,0.00000,0.00000,0.00000
291,1,0,Populus,POPUtrem,0.00000,0.00000,0.00000,0.00000,0.00000,0.00000,0.00000,0.00000,0.00000,0.00000,0.00000,0.00000
291,1,0,Salix,SALIscou,0.00000,0.00000,0.00000,0.00000,0.00000,0.00000,0.00000,0.00000,0.00000,0.00000,0.00000,0.00000
291,1,5,Alnus,ALNUsinu,0.00000,0.00000,0.704967,0.00000,0.00000,0.00000,0.00000,0.00000,0.00000,1.27184,0.704967,0.649817E-01
291,1,5,Alnus,ALNUtenu,0.211293,0.00000,0.349999E-01,0.00000,0.00000,0.00000,0.00000,0.00000,0.00000,1.20858,0.246293,0.359515E-01
291,1,5,Betula,BETUneoa,0.00000,0.00000,0.00000,0.00000,0.00000,0.302189E-01,0.00000,0.00000,0.00000,2.00247,0.302189E-01,0.166094E-01
291,1,5,Larix,LARIlari,0.00000,0.00000,0.00000,0.00000,0.00000,0.904120E-02,0.00000,0.00000,0.00000,1.36771,0.904120E-02,0.102673E-01
291,1,5,Picea,PICEglau,0.00000,0.00000,0.00000,0.00000,0.00000,0.377450E-02,0.00000,0.00000,0.00000,1.05157,0.377450E-02,0.521143E-02
291,1,5,Picea,PICEmari,0.00000,0.00000,0.00000,0.00000,0.00000,0.979552E-02,0.00000,0.00000,0.00000,1.64871,0.979552E-02,0.640584E-02
291,1,5,Populus,POPUbals,0.00000,0.00000,0.00000,0.00000,0.00000,0.677841E-01,0.00000,0.00000,0.00000,2.79021,0.677841E-01,0.316184E-01
291,1,5,Populus,POPUtrem,0.00000,0.00000,0.00000,0.00000,0.00000,0.349319E-01,0.00000,0.00000,0.00000,2.07830,0.349320E-01,0.186888E-01
291,1,5,Salix,SALIscou,0.00000,0.00000,0.00000,0.00000,0.00000,0.840106E-01,0.00000,0.00000,0.00000,0.835335,0.840106E-01,0.102719E-01
291,1,10,Alnus,ALNUsinu,0.00000,0.00000,1.06966,0.00000,0.00000,0.00000,0.00000,0.00000,0.00000,2.97621,1.06966,0.189697
291,1,10,Alnus,ALNUtenu,0.481540,0.00000,0.825406E-01,0.00000,0.00000,0.00000,0.00000,0.00000,0.00000,2.68862,0.564081,0.133512
291,1,10,Betula,BETUneoa,0.00000,0.00000,0.00000,0.00000,0.00000,0.273660E-01,0.00000,0.00000,0.00000,2.25690,0.273660E-01,0.184350E-01
291,1,10,Larix,LARIlari,0.00000,0.00000,0.00000,0.00000,0.00000,0.846191E-02,0.00000,0.00000,0.00000,1.36139,0.846191E-02,0.103681E-01
291,1,10,Picea,PICEglau,0.00000,0.00000,0.00000,0.00000,0.00000,0.543192E-02,0.00000,0.00000,0.00000,1.20305,0.543192E-02,0.763910E-02
291,1,10,Picea,PICEmari,0.00000,0.00000,0.00000,0.00000,0.00000,0.114204E-01,0.00000,0.00000,0.00000,1.85768,0.114204E-01,0.878920E-02
291,1,10,Populus,POPUbals,0.00000,0.00000,0.00000,0.00000,0.00000,0.578296E-01,0.00000,0.00000,0.00000,3.47604,0.578296E-01,0.339145E-01
291,1,10,Populus,POPUtrem,0.00000,0.00000,0.00000,0.00000,0.00000,0.286435E-01,0.00000,0.00000,0.00000,2.42814,0.286435E-01,0.163476E-01
291,1,10,Salix,SALIscou,0.00000,0.00000,0.877502E-02,0.00000,0.00000,0.407617E-01,0.00000,0.00000,0.00000,1.46256,0.495367E-01,0.131733E-01
291,1,15,Alnus,ALNUsinu,0.365359,0.00000,0.728472,0.00000,0.00000,0.00000,0.00000,0.00000,0.00000,5.38567,1.09383,0.378384
291,1,15,Alnus,ALNUtenu,0.770573,0.00000,0.672691E-01,0.00000,0.00000,0.00000,0.00000,0.00000,0.00000,4.57430,0.837842,0.263064
291,1,15,Betula,BETUneoa,0.00000,0.00000,0.984402E-04,0.00000,0.00000,0.295738E-01,0.00000,0.00000,0.00000,2.58146,0.296722E-01,0.219649E-01
291,1,15,Larix,LARIlari,0.00000,0.00000,0.323688E-03,0.00000,0.00000,0.102273E-01,0.00000,0.00000,0.00000,1.43770,0.105510E-01,0.148340E-01
291,1,15,Picea,PICEglau,0.00000,0.00000,0.00000,0.00000,0.00000,0.600424E-02,0.00000,0.00000,0.00000,1.17846,0.600424E-02,0.892420E-02
291,1,15,Picea,PICEmari,0.00000,0.00000,0.00000,0.00000,0.00000,0.146406E-01,0.00000,0.00000,0.00000,2.21837,0.146406E-01,0.121606E-01
291,1,15,Populus,POPUbals,0.00000,0.00000,0.00000,0.00000,0.00000,0.819068E-01,0.00000,0.00000,0.00000,4.45717,0.819068E-01,0.615778E-01
291,1,15,Populus,POPUtrem,0.00000,0.00000,0.00000,0.00000,0.00000,0.322211E-01,0.00000,0.00000,0.00000,2.81213,0.322211E-01,0.259971E-01
291,1,15,Salix,SALIscou,0.00000,0.00000,0.319400E-01,0.00000,0.00000,0.00000,0.00000,0.00000,0.00000,2.31425,0.319400E-01,0.192471E-01
291,1,20,Alnus,ALNUsinu,0.00000,0.00000,0.742814E-01,0.00000,0.573605,0.00000,0.00000,0.00000,0.00000,8.00354,0.647886,0.442880
291,1,20,Alnus,ALNUtenu,0.820590,0.00000,0.715887E-01,0.00000,0.00000,0.00000,0.00000,0.00000,0.00000,6.62814,0.892178,0.435572
291,1,20,Betula,BETUneoa,0.00000,0.00000,0.473264E-02,0.00000,0.167690E-02,0.359068E-01,0.00000,0.00000,0.00000,3.05812,0.423163E-01,0.375910E-01
291,1,20,Larix,LARIlari,0.00000,0.00000,0.295518E-02,0.00000,0.00000,0.111407E-01,0.00000,0.00000,0.00000,1.53295,0.140959E-01,0.194649E-01
291,1,20,Picea,PICEglau,0.00000,0.00000,0.00000,0.00000,0.00000,0.971685E-02,0.00000,0.00000,0.00000,1.41693,0.971685E-02,0.156284E-01
291,1,20,Picea,PICEmari,0.00000,0.00000,0.00000,0.00000,0.00000,0.231601E-01,0.00000,0.00000,0.00000,2.69020,0.231601E-01,0.199509E-01
291,1,20,Populus,POPUbals,0.00000,0.00000,0.00000,0.00000,0.797704E-02,0.131633,0.00000,0.00000,0.00000,5.60040,0.139610,0.134433
291,1,20,Populus,POPUtrem,0.00000,0.00000,0.217354E-03,0.00000,0.359817E-02,0.475432E-01,0.00000,0.00000,0.00000,3.62992,0.513587E-01,0.429770E-01
291,1,20,Salix,SALIscou,0.00000,0.00000,0.185932E-01,0.00000,0.00000,0.00000,0.00000,0.00000,0.00000,2.52451,0.185932E-01,0.226288E-01
291,1,25,Alnus,ALNUsinu,0.00000,0.00000,0.339491,0.545078E-02,0.00000,0.00000,0.00000,0.00000,0.00000,7.02971,0.344942,0.434691
291,1,25,Alnus,ALNUtenu,0.736346,0.00000,0.460245E-01,0.00000,0.00000,0.00000,0.00000,0.00000,0.00000,9.00531,0.782371,0.495877
291,1,25,Betula,BETUneoa,0.00000,0.00000,0.687889E-01,0.294386E-03,0.00000,0.189580E-01,0.00000,0.00000,0.00000,4.08116,0.880413E-01,0.939765E-01
291,1,25,Larix,LARIlari,0.00000,0.00000,0.191173E-01,0.153186E-03,0.00000,0.120565E-02,0.00000,0.00000,0.00000,1.81210,0.204762E-01,0.308991E-01
291,1,25,Picea,PICEglau,0.00000,0.00000,0.102340E-01,0.00000,0.00000,0.920076E-02,0.00000,0.00000,0.00000,1.83273,0.194348E-01,0.297996E-01
291,1,25,Picea,PICEmari,0.00000,0.00000,0.282590E-01,0.00000,0.00000,0.160523E-01,0.00000,0.00000,0.00000,3.37560,0.443113E-01,0.409867E-01
291,1,25,Populus,POPUbals,0.00000,0.00000,0.265434E-02,0.00000,0.00000,0.339806,0.00000,0.00000,0.00000,6.49104,0.342460,0.432042
291,1,25,Populus,POPUtrem,0.00000,0.00000,0.266183E-01,0.00000,0.00000,0.680778E-01,0.00000,0.00000,0.00000,4.13541,0.946961E-01,0.102505
291,1,25,Salix,SALIscou,0.00000,0.00000,0.951678E-02,0.00000,0.00000,0.00000,0.00000,0.00000,0.00000,1.05965,0.951679E-02,0.272918E-01
291,1,30,Alnus,ALNUsinu,0.00000,0.355472E-01,0.473458E-01,0.00000,0.00000,0.00000,0.00000,0.00000,0.00000,2.36508,0.828930E-01,0.232589
291,1,30,Alnus,ALNUtenu,0.292559,0.00000,0.264858,0.00000,0.00000,0.00000,0.00000,0.00000,0.00000,8.87933,0.557417,0.526149
291,1,30,Betula,BETUneoa,0.00000,0.472039E-01,0.944675E-01,0.00000,0.00000,0.00000,0.00000,0.00000,0.00000,4.25258,0.141671,0.166245
291,1,30,Larix,LARIlari,0.00000,0.149992E-02,0.303566E-01,0.00000,0.00000,0.00000,0.00000,0.00000,0.00000,1.92977,0.318566E-01,0.549264E-01
291,1,30,Picea,PICEglau,0.00000,0.319260E-01,0.525946E-03,0.00000,0.00000,0.00000,0.00000,0.00000,0.00000,2.19765,0.324519E-01,0.520004E-01
291,1,30,Picea,PICEmari,0.00000,0.104677,0.307346E-04,0.00000,0.00000,0.00000,0.00000,0.00000,0.00000,2.73486,0.104708,0.636959E-01
291,1,30,Populus,POPUbals,0.00000,0.554947,0.195923E-01,0.00000,0.00000,0.00000,0.00000,0.00000,0.00000,5.56173,0.574539,0.955592
291,1,30,Populus,POPUtrem,0.00000,0.00000,0.110922,0.00000,0.00000,0.798022E-01,0.00000,0.00000,0.00000,4.43264,0.190724,0.224406
291,1,30,Salix,SALIscou,0.00000,0.00000,0.371377E-02,0.00000,0.00000,0.00000,0.00000,0.00000,0.00000,0.283265,0.371377E-02,0.220846E-01
291,1,35,Alnus,ALNUsinu,0.00000,0.00000,0.273074E-01,0.00000,0.00000,0.00000,0.00000,0.00000,0.00000,0.842031,0.273074E-01,0.138976
291,1,35,Alnus,ALNUtenu,0.363824E-01,0.00000,0.282622,0.00000,0.00000,0.00000,0.00000,0.00000,0.00000,7.48639,0.319005,0.401844
291,1,35,Betula,BETUneoa,0.00000,0.00000,0.212357E-03,0.00000,0.151736,0.00000,0.00000,0.00000,0.00000,4.19444,0.151948,0.206969
291,1,35,Larix,LARIlari,0.00000,0.00000,0.253139E-01,0.00000,0.154440E-01,0.00000,0.00000,0.00000,0.00000,2.13323,0.407578E-01,0.642698E-01
291,1,35,Picea,PICEglau,0.00000,0.00000,0.00000,0.00000,0.461806E-01,0.00000,0.00000,0.00000,0.00000,2.46016,0.461806E-01,0.727680E-01
291,1,35,Picea,PICEmari,0.00000,0.00000,0.516216E-01,0.00000,0.109359,0.00000,0.00000,0.00000,0.00000,3.60751,0.160981,0.992021E-01
291,1,35,Populus,POPUbals,0.00000,0.00000,0.103998E-02,0.00000,0.537931,0.00000,0.00000,0.00000,0.00000,5.12070,0.538971,1.20608
291,1,35,Populus,POPUtrem,0.00000,0.00000,0.410590E-03,0.00000,0.220712,0.00000,0.00000,0.00000,0.00000,4.66256,0.221122,0.302610
291,1,35,Salix,SALIscou,0.00000,0.00000,0.560864E-03,0.00000,0.00000,0.00000,0.00000,0.00000,0.00000,0.716811E-01,0.560864E-03,0.567121E-02
291,1,40,Alnus,ALNUsinu,0.00000,0.00000,0.449646E-02,0.00000,0.00000,0.00000,0.00000,0.00000,0.00000,0.101257,0.449646E-02,0.635896E-01
291,1,40,Alnus,ALNUtenu,0.386054E-01,0.00000,0.136948,0.393264E-02,0.00000,0.00000,0.00000,0.00000,0.00000,4.32883,0.179485,0.351115
291,1,40,Betula,BETUneoa,0.00000,0.00000,0.175266,0.805056E-02,0.00000,0.246789E-01,0.00000,0.00000,0.00000,4.00880,0.207996,0.347104
291,1,40,Larix,LARIlari,0.00000,0.00000,0.544737E-01,0.711574E-02,0.00000,0.00000,0.00000,0.00000,0.00000,2.11203,0.615894E-01,0.125033
291,1,40,Picea,PICEglau,0.00000,0.00000,0.602475E-01,0.615089E-02,0.00000,0.151074E-01,0.00000,0.00000,0.00000,3.28497,0.815058E-01,0.120307
291,1,40,Picea,PICEmari,0.00000,0.00000,0.161307,0.151572E-01,0.00000,0.109575E-01,0.00000,0.00000,0.00000,4.49995,0.187422,0.136089
291,1,40,Populus,POPUbals,0.00000,0.00000,0.550050E-01,0.104433,0.00000,0.736546,0.00000,0.00000,0.00000,5.69450,0.895984,2.21214
291,1,40,Populus,POPUtrem,0.00000,0.00000,0.157226,0.254618E-01,0.00000,0.104727,0.00000,0.00000,0.00000,4.71460,0.287415,0.470754
291,1,40,Salix,SALIscou,0.00000,0.00000,0.135351E-03,0.00000,0.00000,0.00000,0.00000,0.00000,0.00000,0.263326E-01,0.135351E-03,0.191415E-02
291,1,45,Alnus,ALNUsinu,0.00000,0.00000,0.425008E-02,0.00000,0.00000,0.00000,0.00000,0.00000,0.00000,0.986428E-01,0.425008E-02,0.601052E-01
291,1,45,Alnus,ALNUtenu,0.429428E-02,0.00000,0.142707,0.00000,0.00000,0.00000,0.00000,0.00000,0.00000,3.53202,0.147001,0.334351
291,1,45,Betula,BETUneoa,0.00000,0.00000,0.107033,0.533631E-01,0.00000,0.183301E-01,0.00000,0.00000,0.00000,3.57178,0.178726,0.348717
291,1,45,Larix,LARIlari,0.00000,0.00000,0.378216E-01,0.125544E-01,0.00000,0.00000,0.00000,0.00000,0.00000,1.91041,0.503760E-01,0.101336
291,1,45,Picea,PICEglau,0.00000,0.00000,0.421957E-01,0.370631E-01,0.00000,0.233174E-01,0.00000,0.00000,0.00000,3.21639,0.102576,0.170499
291,1,45,Picea,PICEmari,0.00000,0.00000,0.185951,0.838204E-01,0.00000,0.122667E-01,0.00000,0.00000,0.00000,5.25797,0.282038,0.217135
291,1,45,Populus,POPUbals,0.00000,0.00000,0.495257E-01,0.172997,0.00000,0.275025,0.00000,0.00000,0.00000,3.86513,0.497548,1.94387
291,1,45,Populus,POPUtrem,0.00000,0.00000,0.517413E-01,0.127326,0.00000,0.148595,0.00000,0.00000,0.00000,4.98904,0.327662,0.534144
291,1,45,Salix,SALIscou,0.00000,0.00000,0.00000,0.00000,0.00000,0.00000,0.00000,0.00000,0.00000,0.00000,0.00000,0.00000
291,1,50,Alnus,ALNUsinu,0.00000,0.00000,0.149823E-02,0.00000,0.00000,0.00000,0.00000,0.00000,0.00000,0.614641E-01,0.149823E-02,0.211882E-01
291,1,50,Alnus,ALNUtenu,0.00000,0.00000,0.838927E-01,0.00000,0.00000,0.00000,0.00000,0.00000,0.00000,1.88290,0.838927E-01,0.274088
291,1,50,Betula,BETUneoa,0.00000,0.00000,0.326529E-02,0.221700,0.00000,0.00000,0.00000,0.00000,0.00000,3.15366,0.224966,0.501343
291,1,50,Larix,LARIlari,0.00000,0.00000,0.170646E-01,0.405405E-01,0.00000,0.00000,0.00000,0.00000,0.00000,1.86611,0.576051E-01,0.128642
291,1,50,Picea,PICEglau,0.00000,0.00000,0.513469E-04,0.126802,0.00000,0.00000,0.00000,0.00000,0.00000,3.74716,0.126853,0.190979
291,1,50,Picea,PICEmari,0.00000,0.00000,0.374496E-01,0.254336,0.00000,0.00000,0.00000,0.00000,0.00000,4.95911,0.291786,0.212937
291,1,50,Populus,POPUbals,0.00000,0.00000,0.283875E-02,0.705889,0.00000,0.00000,0.00000,0.00000,0.00000,4.48399,0.708728,2.35470
291,1,50,Populus,POPUtrem,0.00000,0.00000,0.522036E-02,0.276513,0.00000,0.00000,0.00000,0.00000,0.00000,3.78808,0.281733,0.629192
291,1,50,Salix,SALIscou,0.00000,0.00000,0.00000,0.00000,0.00000,0.00000,0.00000,0.00000,0.00000,0.00000,0.00000,0.00000
291,1,55,Alnus,ALNUsinu,0.00000,0.00000,0.00000,0.00000,0.00000,0.00000,0.00000,0.00000,0.00000,0.00000,0.00000,0.00000
291,1,55,Alnus,ALNUtenu,0.00000,0.00000,0.198393E-01,0.470026E-02,0.00000,0.00000,0.00000,0.00000,0.00000,0.573781,0.245395E-01,0.145454
291,1,55,Betula,BETUneoa,0.00000,0.00000,0.934849E-02,0.229969,0.00000,0.00000,0.00000,0.00000,0.00000,3.58495,0.239317,0.547798
291,1,55,Larix,LARIlari,0.00000,0.00000,0.910674E-02,0.690969E-01,0.00000,0.00000,0.00000,0.00000,0.00000,2.29576,0.782036E-01,0.158908
291,1,55,Picea,PICEglau,0.00000,0.00000,0.205174E-03,0.138579,0.00000,0.00000,0.00000,0.00000,0.00000,3.11161,0.138784,0.265641
291,1,55,Picea,PICEmari,0.00000,0.00000,0.385208E-01,0.300490,0.00000,0.00000,0.00000,0.00000,0.00000,4.16188,0.339011,0.254738
291,1,55,Populus,POPUbals,0.00000,0.00000,0.237935E-02,0.596407,0.00000,0.00000,0.00000,0.00000,0.00000,2.69789,0.598786,2.81144
291,1,55,Populus,POPUtrem,0.00000,0.00000,0.330052E-02,0.181692,0.00000,0.00000,0.00000,0.00000,0.00000,2.77483,0.184993,0.538796
291,1,55,Salix,SALIscou,0.00000,0.00000,0.00000,0.00000,0.00000,0.00000,0.00000,0.00000,0.00000,0.00000,0.00000,0.00000
291,1,60,Alnus,ALNUsinu,0.00000,0.00000,0.00000,0.00000,0.00000,0.00000,0.00000,0.00000,0.00000,0.00000,0.00000,0.00000
291,1,60,Alnus,ALNUtenu,0.00000,0.00000,0.122767E-01,0.469380E-02,0.00000,0.00000,0.00000,0.00000,0.00000,0.392646,0.169705E-01,0.120990
291,1,60,Betula,BETUneoa,0.00000,0.00000,0.155809E-02,0.146481,0.00000,0.00000,0.00000,0.00000,0.00000,2.54569,0.148040,0.422743
291,1,60,Larix,LARIlari,0.00000,0.00000,0.534947E-02,0.661483E-01,0.00000,0.00000,0.00000,0.00000,0.00000,1.84878,0.714977E-01,0.176277
291,1,60,Picea,PICEglau,0.00000,0.00000,0.405987E-04,0.157166,0.00000,0.00000,0.00000,0.00000,0.00000,3.28359,0.157206,0.304577
291,1,60,Picea,PICEmari,0.00000,0.00000,0.344781E-01,0.381273,0.00000,0.00000,0.00000,0.00000,0.00000,4.26450,0.415751,0.316492
291,1,60,Populus,POPUbals,0.00000,0.00000,0.840762E-03,0.406051,0.00000,0.00000,0.00000,0.00000,0.00000,1.96255,0.406892,2.28994
291,1,60,Populus,POPUtrem,0.00000,0.00000,0.254527E-02,0.165087,0.00000,0.00000,0.00000,0.00000,0.00000,2.45349,0.167632,0.531331
291,1,60,Salix,SALIscou,0.00000,0.00000,0.00000,0.00000,0.00000,0.00000,0.00000,0.00000,0.00000,0.00000,0.00000,0.00000
291,1,65,Alnus,ALNUsinu,0.00000,0.00000,0.00000,0.00000,0.00000,0.00000,0.00000,0.00000,0.00000,0.00000,0.00000,0.00000
291,1,65,Alnus,ALNUtenu,0.00000,0.00000,0.143248E-01,0.00000,0.00000,0.00000,0.00000,0.00000,0.00000,0.312383,0.143248E-01,0.116378
291,1,65,Betula,BETUneoa,0.00000,0.00000,0.311116E-02,0.102746,0.00000,0.00000,0.00000,0.00000,0.00000,1.91714,0.105857,0.366573
291,1,65,Larix,LARIlari,0.00000,0.00000,0.550361E-02,0.473714E-01,0.00000,0.00000,0.00000,0.00000,0.00000,1.29281,0.528750E-01,0.179798
291,1,65,Picea,PICEglau,0.00000,0.00000,0.198623E-03,0.126575,0.00000,0.00000,0.00000,0.00000,0.00000,2.35618,0.126774,0.320613
291,1,65,Picea,PICEmari,0.00000,0.409771,0.242001E-03,0.103247E-01,0.00000,0.00000,0.00000,0.00000,0.00000,3.98183,0.420337,0.315844
291,1,65,Populus,POPUbals,0.00000,0.00000,0.176092E-02,0.144124,0.00000,0.00000,0.00000,0.00000,0.00000,1.04480,0.145885,1.38103
291,1,65,Populus,POPUtrem,0.00000,0.00000,0.412209E-02,0.173010,0.00000,0.00000,0.00000,0.00000,0.00000,2.06856,0.177132,0.620823
291,1,65,Salix,SALIscou,0.00000,0.00000,0.00000,0.00000,0.00000,0.00000,0.00000,0.00000,0.00000,0.00000,0.00000,0.00000
291,1,70,Alnus,ALNUsinu,0.00000,0.00000,0.00000,0.00000,0.00000,0.00000,0.00000,0.00000,0.00000,0.00000,0.00000,0.00000
291,1,70,Alnus,ALNUtenu,0.00000,0.00000,0.791869E-02,0.00000,0.00000,0.00000,0.00000,0.00000,0.00000,0.189596,0.791869E-02,0.813380E-01
291,1,70,Betula,BETUneoa,0.00000,0.00000,0.150026E-02,0.429447E-01,0.00000,0.00000,0.00000,0.00000,0.00000,0.944106,0.444450E-01,0.267150
291,1,70,Larix,LARIlari,0.00000,0.00000,0.315514E-02,0.846732E-01,0.00000,0.00000,0.00000,0.00000,0.00000,1.76873,0.878283E-01,0.231818
291,1,70,Picea,PICEglau,0.00000,0.00000,0.112767E-03,0.122128,0.00000,0.00000,0.00000,0.00000,0.00000,2.40385,0.122241,0.304175
291,1,70,Picea,PICEmari,0.00000,0.00000,0.488128E-01,0.412722,0.00000,0.00000,0.00000,0.00000,0.00000,4.13229,0.461535,0.378627
291,1,70,Populus,POPUbals,0.00000,0.00000,0.321459E-03,0.638094E-01,0.00000,0.00000,0.00000,0.00000,0.00000,0.581128,0.641309E-01,0.537414
291,1,70,Populus,POPUtrem,0.00000,0.00000,0.286636E-02,0.129638,0.135827E-03,0.00000,0.00000,0.00000,0.00000,1.64332,0.132640,0.648257
291,1,70,Salix,SALIscou,0.00000,0.00000,0.00000,0.00000,0.00000,0.00000,0.00000,0.00000,0.00000,0.00000,0.00000,0.00000
291,1,75,Alnus,ALNUsinu,0.00000,0.00000,0.00000,0.00000,0.00000,0.00000,0.00000,0.00000,0.00000,0.00000,0.00000,0.00000
291,1,75,Alnus,ALNUtenu,0.00000,0.00000,0.398432E-02,0.00000,0.00000,0.00000,0.00000,0.00000,0.00000,0.957384E-01,0.398432E-02,0.563468E-01
291,1,75,Betula,BETUneoa,0.00000,0.00000,0.246422E-02,0.972005E-01,0.00000,0.00000,0.00000,0.00000,0.00000,1.45741,0.996647E-01,0.436594
291,1,75,Larix,LARIlari,0.00000,0.00000,0.268469E-02,0.670889E-01,0.00000,0.00000,0.00000,0.00000,0.00000,1.41453,0.697736E-01,0.229615
291,1,75,Picea,PICEglau,0.00000,0.00000,0.428842E-04,0.146706,0.00000,0.00000,0.00000,0.00000,0.00000,2.41080,0.146749,0.399918
291,1,75,Picea,PICEmari,0.00000,0.00000,0.566278E-01,0.456663,0.00000,0.00000,0.00000,0.00000,0.00000,4.46087,0.513291,0.389344
291,1,75,Populus,POPUbals,0.00000,0.00000,0.367109E-03,0.103832,0.00000,0.00000,0.00000,0.00000,0.00000,0.690259,0.104199,0.800301
291,1,75,Populus,POPUtrem,0.00000,0.00000,0.279255E-02,0.372399E-01,0.139496E-04,0.00000,0.00000,0.00000,0.00000,0.708370,0.400464E-01,0.359081
291,1,75,Salix,SALIscou,0.00000,0.00000,0.00000,0.00000,0.00000,0.00000,0.00000,0.00000,0.00000,0.00000,0.00000,0.00000
291,1,80,Alnus,ALNUsinu,0.00000,0.00000,0.00000,0.00000,0.00000,0.00000,0.00000,0.00000,0.00000,0.00000,0.00000,0.00000
291,1,80,Alnus,ALNUtenu,0.00000,0.00000,0.00000,0.00000,0.00000,0.00000,0.00000,0.00000,0.00000,0.00000,0.00000,0.00000
291,1,80,Betula,BETUneoa,0.00000,0.00000,0.137668E-02,0.661231E-01,0.212136E-04,0.00000,0.00000,0.00000,0.00000,0.949818,0.675210E-01,0.403390
291,1,80,Larix,LARIlari,0.00000,0.00000,0.738779E-02,0.677364E-01,0.00000,0.00000,0.00000,0.00000,0.00000,1.44296,0.751242E-01,0.256978
291,1,80,Picea,PICEglau,0.00000,0.773080E-01,0.867998E-04,0.768922E-01,0.00000,0.00000,0.00000,0.00000,0.00000,2.63605,0.154287,0.384331
291,1,80,Picea,PICEmari,0.00000,0.463415,0.828519E-05,0.167220E-01,0.00000,0.00000,0.00000,0.00000,0.00000,4.91219,0.480145,0.454900
291,1,80,Populus,POPUbals,0.00000,0.00000,0.689887E-03,0.629173E-02,0.00000,0.00000,0.00000,0.00000,0.00000,0.205101,0.698162E-02,0.891799E-01
291,1,80,Populus,POPUtrem,0.00000,0.00000,0.132539E-02,0.842601E-01,0.00000,0.00000,0.00000,0.00000,0.00000,1.11439,0.855855E-01,0.543522
291,1,80,Salix,SALIscou,0.00000,0.00000,0.00000,0.00000,0.00000,0.00000,0.00000,0.00000,0.00000,0.00000,0.00000,0.00000
291,1,85,Alnus,ALNUsinu,0.00000,0.00000,0.00000,0.00000,0.00000,0.00000,0.00000,0.00000,0.00000,0.00000,0.00000,0.00000
291,1,85,Alnus,ALNUtenu,0.00000,0.00000,0.00000,0.00000,0.00000,0.00000,0.00000,0.00000,0.00000,0.00000,0.00000,0.00000
291,1,85,Betula,BETUneoa,0.00000,0.00000,0.921997E-03,0.317149E-01,0.641468E-03,0.00000,0.00000,0.00000,0.00000,0.610845,0.332783E-01,0.303065
291,1,85,Larix,LARIlari,0.00000,0.00000,0.936800E-03,0.229231E-01,0.00000,0.00000,0.00000,0.00000,0.00000,0.519541,0.238599E-01,0.150840
291,1,85,Picea,PICEglau,0.00000,0.00000,0.682540E-04,0.132779,0.306120E-04,0.00000,0.00000,0.00000,0.00000,2.26264,0.132878,0.371045
291,1,85,Picea,PICEmari,0.00000,0.00000,0.206414E-01,0.554803,0.596181E-05,0.00000,0.00000,0.00000,0.00000,4.72573,0.575450,0.577641
291,1,85,Populus,POPUbals,0.00000,0.00000,0.319852E-04,0.468745E-02,0.203006E-04,0.00000,0.00000,0.00000,0.00000,0.116158,0.473974E-02,0.564224E-01
291,1,85,Populus,POPUtrem,0.00000,0.00000,0.521131E-03,0.379122E-01,0.686695E-03,0.00000,0.00000,0.00000,0.00000,0.811924,0.391201E-01,0.274447
291,1,85,Salix,SALIscou,0.00000,0.00000,0.00000,0.00000,0.00000,0.00000,0.00000,0.00000,0.00000,0.00000,0.00000,0.00000
291,1,90,Alnus,ALNUsinu,0.00000,0.00000,0.00000,0.00000,0.00000,0.00000,0.00000,0.00000,0.00000,0.00000,0.00000,0.00000
291,1,90,Alnus,ALNUtenu,0.00000,0.00000,0.00000,0.00000,0.00000,0.00000,0.00000,0.00000,0.00000,0.00000,0.00000,0.00000
291,1,90,Betula,BETUneoa,0.00000,0.00000,0.00000,0.546826E-01,0.147831E-03,0.00000,0.00000,0.00000,0.00000,0.681482,0.548304E-01,0.354810
291,1,90,Larix,LARIlari,0.00000,0.00000,0.791970E-04,0.522201E-01,0.884648E-04,0.00000,0.00000,0.00000,0.00000,1.00256,0.523877E-01,0.228299
291,1,90,Picea,PICEglau,0.00000,0.00000,0.00000,0.162898,0.00000,0.00000,0.00000,0.00000,0.00000,2.88239,0.162898,0.415673
291,1,90,Picea,PICEmari,0.00000,0.00000,0.662951E-02,0.536181,0.149622E-03,0.00000,0.00000,0.00000,0.00000,5.27162,0.542960,0.544121
291,1,90,Populus,POPUbals,0.00000,0.00000,0.00000,0.923087E-03,0.00000,0.00000,0.00000,0.00000,0.00000,0.672006E-01,0.923087E-03,0.127513E-01
291,1,90,Populus,POPUtrem,0.00000,0.00000,0.00000,0.281460E-01,0.354904E-03,0.00000,0.00000,0.00000,0.00000,0.608801,0.285009E-01,0.226811
291,1,90,Salix,SALIscou,0.00000,0.00000,0.00000,0.00000,0.00000,0.00000,0.00000,0.00000,0.00000,0.00000,0.00000,0.00000
291,1,95,Alnus,ALNUsinu,0.00000,0.00000,0.00000,0.00000,0.00000,0.00000,0.00000,0.00000,0.00000,0.00000,0.00000,0.00000
291,1,95,Alnus,ALNUtenu,0.00000,0.00000,0.00000,0.00000,0.00000,0.00000,0.00000,0.00000,0.00000,0.00000,0.00000,0.00000
291,1,95,Betula,BETUneoa,0.00000,0.00000,0.176052E-03,0.597951E-01,0.141057E-03,0.00000,0.00000,0.00000,0.00000,0.716966,0.601122E-01,0.445833
291,1,95,Larix,LARIlari,0.00000,0.00000,0.357966E-03,0.581206E-01,0.00000,0.00000,0.00000,0.00000,0.00000,1.07646,0.584786E-01,0.245114
291,1,95,Picea,PICEglau,0.00000,0.00000,0.00000,0.160299,0.00000,0.00000,0.00000,0.00000,0.00000,3.01672,0.160299,0.409842
291,1,95,Picea,PICEmari,0.00000,0.00000,0.117246E-01,0.488288,0.00000,0.00000,0.00000,0.00000,0.00000,4.84195,0.500013,0.486918
291,1,95,Populus,POPUbals,0.00000,0.00000,0.237303E-04,0.00000,0.551233E-05,0.00000,0.00000,0.00000,0.00000,0.255182E-01,0.292426E-04,0.254548E-03
291,1,95,Populus,POPUtrem,0.00000,0.00000,0.423670E-03,0.144178E-02,0.383101E-05,0.00000,0.00000,0.00000,0.00000,0.266480,0.186928E-02,0.132637E-01
291,1,95,Salix,SALIscou,0.00000,0.00000,0.00000,0.00000,0.00000,0.00000,0.00000,0.00000,0.00000,0.00000,0.00000,0.00000
291,1,100,Alnus,ALNUsinu,0.00000,0.00000,0.00000,0.00000,0.00000,0.00000,0.00000,0.00000,0.00000,0.00000,0.00000,0.00000
291,1,100,Alnus,ALNUtenu,0.00000,0.00000,0.00000,0.00000,0.00000,0.00000,0.00000,0.00000,0.00000,0.00000,0.00000,0.00000
291,1,100,Betula,BETUneoa,0.00000,0.00000,0.00000,0.256165E-01,0.613994E-04,0.00000,0.00000,0.00000,0.00000,0.454091,0.256779E-01,0.239385
291,1,100,Larix,LARIlari,0.00000,0.00000,0.00000,0.240221E-01,0.388554E-03,0.00000,0.00000,0.00000,0.00000,0.627193,0.244106E-01,0.145033
291,1,100,Picea,PICEglau,0.00000,0.00000,0.00000,0.115555,0.00000,0.00000,0.00000,0.00000,0.00000,2.07275,0.115555,0.384098
291,1,100,Picea,PICEmari,0.00000,0.00000,0.171868E-02,0.495559,0.669104E-02,0.00000,0.00000,0.00000,0.00000,4.82070,0.503969,0.474081
291,1,100,Populus,POPUbals,0.00000,0.00000,0.00000,0.302016E-03,0.473724E-04,0.00000,0.00000,0.00000,0.00000,0.555944E-01,0.349388E-03,0.432005E-02
291,1,100,Populus,POPUtrem,0.00000,0.00000,0.00000,0.116218E-01,0.232721E-03,0.00000,0.00000,0.00000,0.00000,0.346141,0.118546E-01,0.156201
291,1,100,Salix,SALIscou,0.00000,0.00000,0.00000,0.00000,0.00000,0.00000,0.00000,0.00000,0.00000,0.00000,0.00000,0.00000
291,1,105,Alnus,ALNUsinu,0.00000,0.00000,0.00000,0.00000,0.00000,0.00000,0.00000,0.00000,0.00000,0.00000,0.00000,0.00000
291,1,105,Alnus,ALNUtenu,0.00000,0.00000,0.00000,0.00000,0.00000,0.00000,0.00000,0.00000,0.00000,0.00000,0.00000,0.00000
291,1,105,Betula,BETUneoa,0.00000,0.00000,0.00000,0.226220E-01,0.237879E-03,0.00000,0.00000,0.00000,0.00000,0.355690,0.228599E-01,0.226328
291,1,105,Larix,LARIlari,0.00000,0.00000,0.640245E-04,0.324281E-01,0.336005E-03,0.00000,0.00000,0.00000,0.00000,0.684581,0.328281E-01,0.194586
291,1,105,Picea,PICEglau,0.00000,0.00000,0.00000,0.995910E-01,0.414440E-05,0.00000,0.00000,0.00000,0.00000,2.06961,0.995951E-01,0.328310
291,1,105,Picea,PICEmari,0.00000,0.00000,0.248838E-02,0.543819,0.128896E-02,0.00000,0.00000,0.00000,0.00000,4.96545,0.547596,0.535827
291,1,105,Populus,POPUbals,0.00000,0.00000,0.00000,0.517425E-03,0.00000,0.00000,0.00000,0.00000,0.00000,0.455785E-01,0.517425E-03,0.731749E-02
291,1,105,Populus,POPUtrem,0.00000,0.00000,0.00000,0.677678E-02,0.391405E-03,0.00000,0.00000,0.00000,0.00000,0.378588,0.716818E-02,0.805238E-01
291,1,105,Salix,SALIscou,0.00000,0.00000,0.00000,0.00000,0.00000,0.00000,0.00000,0.00000,0.00000,0.00000,0.00000,0.00000
291,1,110,Alnus,ALNUsinu,0.00000,0.00000,0.00000,0.00000,0.00000,0.00000,0.00000,0.00000,0.00000,0.00000,0.00000,0.00000
291,1,110,Alnus,ALNUtenu,0.00000,0.00000,0.00000,0.00000,0.00000,0.00000,0.00000,0.00000,0.00000,0.00000,0.00000,0.00000
291,1,110,Betula,BETUneoa,0.00000,0.00000,0.447115E-04,0.294106E-03,0.142585E-03,0.00000,0.00000,0.00000,0.00000,0.112432,0.481403E-03,0.431142E-02
291,1,110,Larix,LARIlari,0.00000,0.00000,0.302529E-04,0.132892E-01,0.00000,0.00000,0.00000,0.00000,0.00000,0.269944,0.133195E-01,0.130078
291,1,110,Picea,PICEglau,0.00000,0.00000,0.175382E-05,0.131578,0.00000,0.00000,0.00000,0.00000,0.00000,2.13072,0.131580,0.499790
291,1,110,Picea,PICEmari,0.00000,0.00000,0.569995E-02,0.561749,0.00000,0.114943E-02,0.00000,0.00000,0.00000,4.47417,0.568599,0.524984
291,1,110,Populus,POPUbals,0.00000,0.00000,0.00000,0.00000,0.00000,0.00000,0.00000,0.00000,0.00000,0.00000,0.00000,0.00000
291,1,110,Populus,POPUtrem,0.00000,0.00000,0.257748E-03,0.217219E-02,0.179932E-03,0.00000,0.00000,0.00000,0.00000,0.282947,0.260987E-02,0.196243E-01
291,1,110,Salix,SALIscou,0.00000,0.00000,0.00000,0.00000,0.00000,0.00000,0.00000,0.00000,0.00000,0.00000,0.00000,0.00000
291,1,115,Alnus,ALNUsinu,0.00000,0.00000,0.00000,0.00000,0.00000,0.00000,0.00000,0.00000,0.00000,0.00000,0.00000,0.00000
291,1,115,Alnus,ALNUtenu,0.00000,0.00000,0.00000,0.00000,0.00000,0.00000,0.00000,0.00000,0.00000,0.00000,0.00000,0.00000
291,1,115,Betula,BETUneoa,0.00000,0.00000,0.00000,0.181465E-01,0.131362E-03,0.00000,0.00000,0.00000,0.00000,0.298958,0.182778E-01,0.244118
291,1,115,Larix,LARIlari,0.00000,0.00000,0.325678E-04,0.375631E-01,0.675754E-04,0.00000,0.00000,0.00000,0.00000,0.602420,0.376632E-01,0.230218
291,1,115,Picea,PICEglau,0.00000,0.00000,0.00000,0.474406E-01,0.00000,0.00000,0.00000,0.00000,0.00000,1.04262,0.474406E-01,0.222762
291,1,115,Picea,PICEmari,0.00000,0.00000,0.214735E-02,0.521406,0.850067E-03,0.00000,0.00000,0.00000,0.00000,5.04113,0.524403,0.550115
291,1,115,Populus,POPUbals,0.00000,0.00000,0.00000,0.00000,0.370144E-04,0.00000,0.00000,0.00000,0.00000,0.166053E-01,0.370144E-04,0.523463E-03
291,1,115,Populus,POPUtrem,0.00000,0.00000,0.347060E-04,0.178205E-01,0.164290E-03,0.00000,0.00000,0.00000,0.00000,0.378615,0.180195E-01,0.226379
291,1,115,Salix,SALIscou,0.00000,0.00000,0.00000,0.00000,0.00000,0.00000,0.00000,0.00000,0.00000,0.00000,0.00000,0.00000
291,1,120,Alnus,ALNUsinu,0.00000,0.00000,0.00000,0.00000,0.00000,0.00000,0.00000,0.00000,0.00000,0.00000,0.00000,0.00000
291,1,120,Alnus,ALNUtenu,0.00000,0.00000,0.00000,0.00000,0.00000,0.00000,0.00000,0.00000,0.00000,0.00000,0.00000,0.00000
291,1,120,Betula,BETUneoa,0.00000,0.00000,0.00000,0.170400E-03,0.118478E-04,0.00000,0.00000,0.00000,0.00000,0.702216E-01,0.182248E-03,0.139025E-02
291,1,120,Larix,LARIlari,0.00000,0.00000,0.614582E-04,0.259064E-01,0.151369E-04,0.00000,0.00000,0.00000,0.00000,0.718432,0.259830E-01,0.146978
291,1,120,Picea,PICEglau,0.00000,0.00000,0.00000,0.474867E-01,0.00000,0.00000,0.00000,0.00000,0.00000,0.951667,0.474867E-01,0.273913
291,1,120,Picea,PICEmari,0.00000,0.00000,0.626611E-03,0.506885,0.00000,0.00000,0.00000,0.00000,0.00000,4.39316,0.507512,0.448367
291,1,120,Populus,POPUbals,0.00000,0.00000,0.00000,0.00000,0.00000,0.00000,0.00000,0.00000,0.00000,0.00000,0.00000,0.00000
291,1,120,Populus,POPUtrem,0.00000,0.00000,0.434117E-04,0.222122E-03,0.184270E-04,0.00000,0.00000,0.00000,0.00000,0.102923,0.283960E-03,0.161626E-02
291,1,120,Salix,SALIscou,0.00000,0.00000,0.00000,0.00000,0.00000,0.00000,0.00000,0.00000,0.00000,0.00000,0.00000,0.00000
291,1,125,Alnus,ALNUsinu,0.00000,0.00000,0.00000,0.00000,0.00000,0.00000,0.00000,0.00000,0.00000,0.00000,0.00000,0.00000
291,1,125,Alnus,ALNUtenu,0.00000,0.00000,0.00000,0.00000,0.00000,0.00000,0.00000,0.00000,0.00000,0.00000,0.00000,0.00000
291,1,125,Betula,BETUneoa,0.00000,0.00000,0.414422E-04,0.120555E-03,0.148568E-05,0.00000,0.00000,0.00000,0.00000,0.797386E-01,0.163483E-03,0.987023E-03
291,1,125,Larix,LARIlari,0.00000,0.00000,0.409928E-04,0.726555E-03,0.120589E-03,0.00000,0.00000,0.00000,0.00000,0.147778,0.888136E-03,0.682605E-02
291,1,125,Picea,PICEglau,0.00000,0.00000,0.00000,0.590240E-01,0.00000,0.00000,0.00000,0.00000,0.00000,1.20239,0.590240E-01,0.250895
291,1,125,Picea,PICEmari,0.00000,0.00000,0.261533E-03,0.484406,0.00000,0.00000,0.00000,0.00000,0.00000,4.48492,0.484667,0.521897
291,1,125,Populus,POPUbals,0.00000,0.00000,0.00000,0.222908E-04,0.00000,0.00000,0.00000,0.00000,0.00000,0.139398E-01,0.222908E-04,0.315240E-03
291,1,125,Populus,POPUtrem,0.00000,0.00000,0.116767E-03,0.205200E-03,0.153560E-04,0.00000,0.00000,0.00000,0.00000,0.991059E-01,0.337323E-03,0.223948E-02
291,1,125,Salix,SALIscou,0.00000,0.00000,0.00000,0.00000,0.00000,0.00000,0.00000,0.00000,0.00000,0.00000,0.00000,0.00000
291,1,130,Alnus,ALNUsinu,0.00000,0.00000,0.00000,0.00000,0.00000,0.00000,0.00000,0.00000,0.00000,0.00000,0.00000,0.00000
291,1,130,Alnus,ALNUtenu,0.00000,0.00000,0.00000,0.00000,0.00000,0.00000,0.00000,0.00000,0.00000,0.00000,0.00000,0.00000
291,1,130,Betula,BETUneoa,0.00000,0.00000,0.00000,0.761635E-03,0.443353E-05,0.00000,0.00000,0.00000,0.00000,0.686895E-01,0.766068E-03,0.974405E-02
291,1,130,Larix,LARIlari,0.00000,0.00000,0.250125E-03,0.344737E-01,0.114804E-04,0.00000,0.00000,0.00000,0.00000,0.739383,0.347353E-01,0.196224
291,1,130,Picea,PICEglau,0.00000,0.00000,0.00000,0.929925E-01,0.00000,0.00000,0.00000,0.00000,0.00000,1.78554,0.929925E-01,0.329306
291,1,130,Picea,PICEmari,0.00000,0.00000,0.564379E-03,0.490694,0.455100E-05,0.00000,0.00000,0.00000,0.00000,4.53720,0.491263,0.503541
291,1,130,Populus,POPUbals,0.00000,0.00000,0.00000,0.00000,0.00000,0.00000,0.00000,0.00000,0.00000,0.00000,0.00000,0.00000
291,1,130,Populus,POPUtrem,0.00000,0.00000,0.955228E-04,0.296261E-03,0.422911E-05,0.00000,0.00000,0.00000,0.00000,0.106583,0.396013E-03,0.295752E-02
291,1,130,Salix,SALIscou,0.00000,0.00000,0.00000,0.00000,0.00000,0.00000,0.00000,0.00000,0.00000,0.00000,0.00000,0.00000
291,1,135,Alnus,ALNUsinu,0.00000,0.00000,0.00000,0.00000,0.00000,0.00000,0.00000,0.00000,0.00000,0.00000,0.00000,0.00000
291,1,135,Alnus,ALNUtenu,0.00000,0.00000,0.00000,0.00000,0.00000,0.00000,0.00000,0.00000,0.00000,0.00000,0.00000,0.00000
291,1,135,Betula,BETUneoa,0.00000,0.00000,0.00000,0.123169E-01,0.455761E-05,0.00000,0.00000,0.00000,0.00000,0.222344,0.123214E-01,0.171448
291,1,135,Larix,LARIlari,0.00000,0.00000,0.00000,0.119209E-01,0.00000,0.00000,0.00000,0.00000,0.00000,0.316694,0.119209E-01,0.121792
291,1,135,Picea,PICEglau,0.00000,0.00000,0.00000,0.871430E-01,0.00000,0.00000,0.00000,0.00000,0.00000,1.61326,0.871430E-01,0.311648
291,1,135,Picea,PICEmari,0.00000,0.718256E-02,0.676831E-04,0.504691,0.00000,0.00000,0.00000,0.00000,0.00000,4.38888,0.511941,0.586459
291,1,135,Populus,POPUbals,0.00000,0.00000,0.00000,0.00000,0.00000,0.00000,0.00000,0.00000,0.00000,0.00000,0.00000,0.00000
291,1,135,Populus,POPUtrem,0.00000,0.00000,0.00000,0.404151E-03,0.147218E-04,0.00000,0.00000,0.00000,0.00000,0.105008,0.418873E-03,0.336688E-02
291,1,135,Salix,SALIscou,0.00000,0.00000,0.00000,0.00000,0.00000,0.00000,0.00000,0.00000,0.00000,0.00000,0.00000,0.00000
291,1,140,Alnus,ALNUsinu,0.00000,0.00000,0.00000,0.00000,0.00000,0.00000,0.00000,0.00000,0.00000,0.00000,0.00000,0.00000
291,1,140,Alnus,ALNUtenu,0.00000,0.00000,0.00000,0.00000,0.00000,0.00000,0.00000,0.00000,0.00000,0.00000,0.00000,0.00000
291,1,140,Betula,BETUneoa,0.00000,0.00000,0.00000,0.146929E-02,0.00000,0.00000,0.00000,0.00000,0.00000,0.733723E-01,0.146929E-02,0.205253E-01
291,1,140,Larix,LARIlari,0.00000,0.00000,0.205112E-05,0.238458E-01,0.00000,0.00000,0.00000,0.00000,0.00000,0.430777,0.238478E-01,0.168604
291,1,140,Picea,PICEglau,0.00000,0.00000,0.00000,0.469650E-01,0.00000,0.00000,0.00000,0.00000,0.00000,0.904074,0.469650E-01,0.256800
291,1,140,Picea,PICEmari,0.00000,0.00000,0.00000,0.463417,0.00000,0.00000,0.00000,0.00000,0.00000,4.59147,0.463417,0.467105
291,1,140,Populus,POPUbals,0.00000,0.00000,0.00000,0.00000,0.00000,0.00000,0.00000,0.00000,0.00000,0.00000,0.00000,0.00000
291,1,140,Populus,POPUtrem,0.00000,0.00000,0.321078E-04,0.182190E-03,0.384081E-05,0.00000,0.00000,0.00000,0.00000,0.112669,0.218138E-03,0.107480E-02
291,1,140,Salix,SALIscou,0.00000,0.00000,0.00000,0.00000,0.00000,0.00000,0.00000,0.00000,0.00000,0.00000,0.00000,0.00000
291,1,145,Alnus,ALNUsinu,0.00000,0.00000,0.00000,0.00000,0.00000,0.00000,0.00000,0.00000,0.00000,0.00000,0.00000,0.00000
291,1,145,Alnus,ALNUtenu,0.00000,0.00000,0.00000,0.00000,0.00000,0.00000,0.00000,0.00000,0.00000,0.00000,0.00000,0.00000
291,1,145,Betula,BETUneoa,0.00000,0.00000,0.00000,0.352054E-04,0.238624E-04,0.00000,0.00000,0.00000,0.00000,0.304010E-01,0.590678E-04,0.547107E-03
291,1,145,Larix,LARIlari,0.00000,0.00000,0.00000,0.655377E-02,0.00000,0.00000,0.00000,0.00000,0.00000,0.177804,0.655377E-02,0.885988E-01
291,1,145,Picea,PICEglau,0.00000,0.00000,0.00000,0.360223E-01,0.00000,0.00000,0.00000,0.00000,0.00000,0.809022,0.360223E-01,0.204207
291,1,145,Picea,PICEmari,0.00000,0.00000,0.136135E-04,0.406413,0.300304E-02,0.00000,0.00000,0.00000,0.00000,4.64868,0.409429,0.356441
291,1,145,Populus,POPUbals,0.00000,0.00000,0.00000,0.00000,0.00000,0.00000,0.00000,0.00000,0.00000,0.00000,0.00000,0.00000
291,1,145,Populus,POPUtrem,0.00000,0.00000,0.00000,0.489055E-04,0.00000,0.00000,0.00000,0.00000,0.00000,0.245036E-01,0.489055E-04,0.572575E-03
291,1,145,Salix,SALIscou,0.00000,0.00000,0.00000,0.00000,0.00000,0.00000,0.00000,0.00000,0.00000,0.00000,0.00000,0.00000
291,1,150,Alnus,ALNUsinu,0.00000,0.00000,0.00000,0.00000,0.00000,0.00000,0.00000,0.00000,0.00000,0.00000,0.00000,0.00000
291,1,150,Alnus,ALNUtenu,0.00000,0.00000,0.00000,0.00000,0.00000,0.00000,0.00000,0.00000,0.00000,0.00000,0.00000,0.00000
291,1,150,Betula,BETUneoa,0.00000,0.00000,0.00000,0.956771E-04,0.00000,0.00000,0.00000,0.00000,0.00000,0.450128E-01,0.956772E-04,0.758581E-03
291,1,150,Larix,LARIlari,0.00000,0.00000,0.00000,0.129231E-01,0.935186E-05,0.00000,0.00000,0.00000,0.00000,0.372232,0.129325E-01,0.106664
291,1,150,Picea,PICEglau,0.00000,0.00000,0.00000,0.470402E-01,0.00000,0.00000,0.00000,0.00000,0.00000,0.951348,0.470402E-01,0.250104
291,1,150,Picea,PICEmari,0.00000,0.983609E-02,0.00000,0.334594,0.00000,0.00000,0.00000,0.00000,0.00000,4.69612,0.344430,0.355941
291,1,150,Populus,POPUbals,0.00000,0.00000,0.00000,0.00000,0.00000,0.00000,0.00000,0.00000,0.00000,0.00000,0.00000,0.00000
291,1,150,Populus,POPUtrem,0.00000,0.00000,0.00000,0.343288E-04,0.00000,0.00000,0.00000,0.00000,0.00000,0.209296E-01,0.343288E-04,0.442564E-03
291,1,150,Salix,SALIscou,0.00000,0.00000,0.00000,0.00000,0.00000,0.00000,0.00000,0.00000,0.00000,0.00000,0.00000,0.00000
291,1,155,Alnus,ALNUsinu,0.00000,0.00000,0.00000,0.00000,0.00000,0.00000,0.00000,0.00000,0.00000,0.00000,0.00000,0.00000
291,1,155,Alnus,ALNUtenu,0.00000,0.00000,0.00000,0.00000,0.00000,0.00000,0.00000,0.00000,0.00000,0.00000,0.00000,0.00000
291,1,155,Betula,BETUneoa,0.00000,0.00000,0.349206E-03,0.560546E-04,0.00000,0.00000,0.00000,0.00000,0.00000,0.636466E-01,0.405261E-03,0.496149E-02
291,1,155,Larix,LARIlari,0.00000,0.00000,0.00000,0.154759E-01,0.00000,0.111146E-01,0.00000,0.00000,0.00000,0.504143,0.265905E-01,0.202958
291,1,155,Picea,PICEglau,0.00000,0.00000,0.00000,0.230197E-01,0.00000,0.00000,0.00000,0.00000,0.00000,0.570367,0.230197E-01,0.146988
291,1,155,Picea,PICEmari,0.00000,0.00000,0.171505E-02,0.321504,0.00000,0.213011E-02,0.00000,0.00000,0.00000,5.02526,0.325349,0.312450
291,1,155,Populus,POPUbals,0.00000,0.00000,0.00000,0.749216E-06,0.00000,0.00000,0.00000,0.00000,0.00000,0.250000E-02,0.749216E-06,0.105955E-04
291,1,155,Populus,POPUtrem,0.00000,0.00000,0.00000,0.124826E-04,0.893799E-05,0.00000,0.00000,0.00000,0.00000,0.212498E-01,0.214206E-04,0.196140E-03
291,1,155,Salix,SALIscou,0.00000,0.00000,0.00000,0.00000,0.00000,0.00000,0.00000,0.00000,0.00000,0.00000,0.00000,0.00000
291,1,160,Alnus,ALNUsinu,0.00000,0.00000,0.00000,0.00000,0.00000,0.00000,0.00000,0.00000,0.00000,0.00000,0.00000,0.00000
291,1,160,Alnus,ALNUtenu,0.00000,0.00000,0.00000,0.00000,0.00000,0.00000,0.00000,0.00000,0.00000,0.00000,0.00000,0.00000
291,1,160,Betula,BETUneoa,0.00000,0.00000,0.00000,0.110022E-03,0.00000,0.00000,0.00000,0.00000,0.00000,0.341620E-01,0.110022E-03,0.137797E-02
291,1,160,Larix,LARIlari,0.00000,0.00000,0.00000,0.140876E-01,0.00000,0.00000,0.00000,0.00000,0.00000,0.379977,0.140876E-01,0.142140
291,1,160,Picea,PICEglau,0.00000,0.00000,0.00000,0.180331E-01,0.00000,0.00000,0.00000,0.00000,0.00000,0.497864,0.180331E-01,0.137227
291,1,160,Picea,PICEmari,0.00000,0.362697E-02,0.343025E-03,0.359343,0.00000,0.00000,0.00000,0.00000,0.00000,4.79742,0.363313,0.390457
291,1,160,Populus,POPUbals,0.00000,0.00000,0.00000,0.00000,0.00000,0.00000,0.00000,0.00000,0.00000,0.00000,0.00000,0.00000
291,1,160,Populus,POPUtrem,0.00000,0.00000,0.00000,0.147199E-03,0.00000,0.00000,0.00000,0.00000,0.00000,0.489152E-01,0.147199E-03,0.119980E-02
291,1,160,Salix,SALIscou,0.00000,0.00000,0.00000,0.00000,0.00000,0.00000,0.00000,0.00000,0.00000,0.00000,0.00000,0.00000
291,1,165,Alnus,ALNUsinu,0.00000,0.00000,0.00000,0.00000,0.00000,0.00000,0.00000,0.00000,0.00000,0.00000,0.00000,0.00000
291,1,165,Alnus,ALNUtenu,0.00000,0.00000,0.00000,0.00000,0.00000,0.00000,0.00000,0.00000,0.00000,0.00000,0.00000,0.00000
291,1,165,Betula,BETUneoa,0.00000,0.00000,0.00000,0.860001E-05,0.00000,0.00000,0.00000,0.00000,0.00000,0.685056E-02,0.860001E-05,0.121623E-03
291,1,165,Larix,LARIlari,0.00000,0.00000,0.00000,0.966925E-02,0.351439E-05,0.00000,0.00000,0.00000,0.00000,0.275542,0.967277E-02,0.129337
291,1,165,Picea,PICEglau,0.00000,0.00000,0.00000,0.417366E-01,0.00000,0.00000,0.00000,0.00000,0.00000,0.850507,0.417366E-01,0.232124
291,1,165,Picea,PICEmari,0.00000,0.00000,0.00000,0.333914,0.00000,0.00000,0.00000,0.00000,0.00000,4.71254,0.333914,0.393986
291,1,165,Populus,POPUbals,0.00000,0.00000,0.00000,0.00000,0.00000,0.00000,0.00000,0.00000,0.00000,0.00000,0.00000,0.00000
291,1,165,Populus,POPUtrem,0.00000,0.00000,0.00000,0.414671E-04,0.00000,0.00000,0.00000,0.00000,0.00000,0.217522E-01,0.414671E-04,0.504574E-03
291,1,165,Salix,SALIscou,0.00000,0.00000,0.00000,0.00000,0.00000,0.00000,0.00000,0.00000,0.00000,0.00000,0.00000,0.00000
291,1,170,Alnus,ALNUsinu,0.00000,0.00000,0.00000,0.00000,0.00000,0.00000,0.00000,0.00000,0.00000,0.00000,0.00000,0.00000
291,1,170,Alnus,ALNUtenu,0.00000,0.00000,0.00000,0.00000,0.00000,0.00000,0.00000,0.00000,0.00000,0.00000,0.00000,0.00000
291,1,170,Betula,BETUneoa,0.00000,0.00000,0.00000,0.00000,0.00000,0.00000,0.00000,0.00000,0.00000,0.00000,0.00000,0.00000
291,1,170,Larix,LARIlari,0.00000,0.00000,0.00000,0.138921E-01,0.00000,0.00000,0.00000,0.00000,0.00000,0.325292,0.138921E-01,0.133295
291,1,170,Picea,PICEglau,0.00000,0.00000,0.00000,0.581388E-01,0.00000,0.00000,0.00000,0.00000,0.00000,1.20569,0.581388E-01,0.257601
291,1,170,Picea,PICEmari,0.00000,0.00000,0.00000,0.323835,0.00000,0.00000,0.00000,0.00000,0.00000,4.83848,0.323835,0.317698
291,1,170,Populus,POPUbals,0.00000,0.00000,0.00000,0.00000,0.00000,0.00000,0.00000,0.00000,0.00000,0.00000,0.00000,0.00000
291,1,170,Populus,POPUtrem,0.00000,0.00000,0.00000,0.878327E-04,0.00000,0.00000,0.00000,0.00000,0.00000,0.458519E-01,0.878327E-04,0.630185E-03
291,1,170,Salix,SALIscou,0.00000,0.00000,0.00000,0.00000,0.00000,0.00000,0.00000,0.00000,0.00000,0.00000,0.00000,0.00000
291,1,175,Alnus,ALNUsinu,0.00000,0.00000,0.00000,0.00000,0.00000,0.00000,0.00000,0.00000,0.00000,0.00000,0.00000,0.00000
291,1,175,Alnus,ALNUtenu,0.00000,0.00000,0.00000,0.00000,0.00000,0.00000,0.00000,0.00000,0.00000,0.00000,0.00000,0.00000
291,1,175,Betula,BETUneoa,0.00000,0.00000,0.00000,0.208492E-04,0.00000,0.00000,0.00000,0.00000,0.00000,0.197502E-01,0.208492E-04,0.174025E-03
291,1,175,Larix,LARIlari,0.00000,0.00000,0.00000,0.868318E-02,0.00000,0.00000,0.00000,0.00000,0.00000,0.216905,0.868317E-02,0.112919
291,1,175,Picea,PICEglau,0.00000,0.00000,0.00000,0.00000,0.00000,0.00000,0.00000,0.00000,0.00000,0.00000,0.00000,0.00000
291,1,175,Picea,PICEmari,0.00000,0.189775E-01,0.00000,0.317204,0.00000,0.00000,0.00000,0.00000,0.00000,5.02589,0.336182,0.492317
291,1,175,Populus,POPUbals,0.00000,0.00000,0.00000,0.00000,0.00000,0.00000,0.00000,0.00000,0.00000,0.00000,0.00000,0.00000
291,1,175,Populus,POPUtrem,0.00000,0.00000,0.00000,0.675840E-04,0.00000,0.00000,0.00000,0.00000,0.00000,0.281214E-01,0.675840E-04,0.680837E-03
291,1,175,Salix,SALIscou,0.00000,0.00000,0.00000,0.00000,0.00000,0.00000,0.00000,0.00000,0.00000,0.00000,0.00000,0.00000
291,1,180,Alnus,ALNUsinu,0.00000,0.00000,0.00000,0.00000,0.00000,0.00000,0.00000,0.00000,0.00000,0.00000,0.00000,0.00000
291,1,180,Alnus,ALNUtenu,0.00000,0.00000,0.00000,0.00000,0.00000,0.00000,0.00000,0.00000,0.00000,0.00000,0.00000,0.00000
291,1,180,Betula,BETUneoa,0.00000,0.00000,0.00000,0.00000,0.00000,0.00000,0.00000,0.00000,0.00000,0.00000,0.00000,0.00000
291,1,180,Larix,LARIlari,0.00000,0.00000,0.00000,0.182030E-01,0.00000,0.00000,0.00000,0.00000,0.00000,0.235166,0.182030E-01,0.232568
291,1,180,Picea,PICEglau,0.00000,0.00000,0.00000,0.466518E-01,0.00000,0.00000,0.00000,0.00000,0.00000,0.814213,0.466518E-01,0.254163
291,1,180,Picea,PICEmari,0.00000,0.00000,0.00000,0.259058,0.00000,0.00000,0.00000,0.00000,0.00000,4.89658,0.259058,0.329977
291,1,180,Populus,POPUbals,0.00000,0.00000,0.00000,0.00000,0.00000,0.00000,0.00000,0.00000,0.00000,0.00000,0.00000,0.00000
291,1,180,Populus,POPUtrem,0.00000,0.00000,0.00000,0.238959E-04,0.00000,0.00000,0.00000,0.00000,0.00000,0.127935E-01,0.238959E-04,0.337939E-03
291,1,180,Salix,SALIscou,0.00000,0.00000,0.00000,0.00000,0.00000,0.00000,0.00000,0.00000,0.00000,0.00000,0.00000,0.00000
291,1,185,Alnus,ALNUsinu,0.00000,0.00000,0.00000,0.00000,0.00000,0.00000,0.00000,0.00000,0.00000,0.00000,0.00000,0.00000
291,1,185,Alnus,ALNUtenu,0.00000,0.00000,0.00000,0.00000,0.00000,0.00000,0.00000,0.00000,0.00000,0.00000,0.00000,0.00000
291,1,185,Betula,BETUneoa,0.00000,0.00000,0.00000,0.00000,0.00000,0.00000,0.00000,0.00000,0.00000,0.00000,0.00000,0.00000
291,1,185,Larix,LARIlari,0.00000,0.00000,0.00000,0.806274E-02,0.00000,0.00000,0.00000,0.00000,0.00000,0.128276,0.806274E-02,0.113742
291,1,185,Picea,PICEglau,0.00000,0.00000,0.00000,0.150687E-01,0.00000,0.00000,0.00000,0.00000,0.00000,0.370749,0.150687E-01,0.134101
291,1,185,Picea,PICEmari,0.00000,0.00000,0.00000,0.223850,0.00000,0.00000,0.00000,0.00000,0.00000,5.11389,0.223850,0.328077
291,1,185,Populus,POPUbals,0.00000,0.00000,0.00000,0.00000,0.00000,0.00000,0.00000,0.00000,0.00000,0.00000,0.00000,0.00000
291,1,185,Populus,POPUtrem,0.00000,0.00000,0.00000,0.402571E-05,0.00000,0.00000,0.00000,0.00000,0.00000,0.523532E-02,0.402571E-05,0.569321E-04
291,1,185,Salix,SALIscou,0.00000,0.00000,0.00000,0.00000,0.00000,0.00000,0.00000,0.00000,0.00000,0.00000,0.00000,0.00000
291,1,190,Alnus,ALNUsinu,0.00000,0.00000,0.00000,0.00000,0.00000,0.00000,0.00000,0.00000,0.00000,0.00000,0.00000,0.00000
291,1,190,Alnus,ALNUtenu,0.00000,0.00000,0.00000,0.00000,0.00000,0.00000,0.00000,0.00000,0.00000,0.00000,0.00000,0.00000
291,1,190,Betula,BETUneoa,0.00000,0.00000,0.00000,0.00000,0.00000,0.00000,0.00000,0.00000,0.00000,0.00000,0.00000,0.00000
291,1,190,Larix,LARIlari,0.00000,0.00000,0.00000,0.197228E-01,0.00000,0.00000,0.00000,0.00000,0.00000,0.308445,0.197228E-01,0.237995
291,1,190,Picea,PICEglau,0.00000,0.00000,0.00000,0.122249E-01,0.00000,0.00000,0.00000,0.00000,0.00000,0.280250,0.122249E-01,0.124764
291,1,190,Picea,PICEmari,0.00000,0.00000,0.00000,0.219516,0.00000,0.00000,0.00000,0.00000,0.00000,5.42719,0.219516,0.269308
291,1,190,Populus,POPUbals,0.00000,0.00000,0.00000,0.00000,0.00000,0.00000,0.00000,0.00000,0.00000,0.00000,0.00000,0.00000
291,1,190,Populus,POPUtrem,0.00000,0.00000,0.00000,0.00000,0.00000,0.00000,0.00000,0.00000,0.00000,0.00000,0.00000,0.00000
291,1,190,Salix,SALIscou,0.00000,0.00000,0.00000,0.00000,0.00000,0.00000,0.00000,0.00000,0.00000,0.00000,0.00000,0.00000
291,1,195,Alnus,ALNUsinu,0.00000,0.00000,0.00000,0.00000,0.00000,0.00000,0.00000,0.00000,0.00000,0.00000,0.00000,0.00000
291,1,195,Alnus,ALNUtenu,0.00000,0.00000,0.00000,0.00000,0.00000,0.00000,0.00000,0.00000,0.00000,0.00000,0.00000,0.00000
291,1,195,Betula,BETUneoa,0.00000,0.00000,0.00000,0.00000,0.00000,0.00000,0.00000,0.00000,0.00000,0.00000,0.00000,0.00000
291,1,195,Larix,LARIlari,0.00000,0.00000,0.00000,0.102270E-04,0.00000,0.00000,0.00000,0.00000,0.00000,0.808697E-02,0.102270E-04,0.144632E-03
291,1,195,Picea,PICEglau,0.00000,0.00000,0.00000,0.273042E-01,0.00000,0.00000,0.00000,0.00000,0.00000,0.410191,0.273042E-01,0.250752
291,1,195,Picea,PICEmari,0.00000,0.00000,0.00000,0.206070,0.00000,0.00000,0.00000,0.00000,0.00000,5.25418,0.206070,0.340504
291,1,195,Populus,POPUbals,0.00000,0.00000,0.00000,0.00000,0.00000,0.00000,0.00000,0.00000,0.00000,0.00000,0.00000,0.00000
291,1,195,Populus,POPUtrem,0.00000,0.00000,0.00000,0.00000,0.00000,0.00000,0.00000,0.00000,0.00000,0.00000,0.00000,0.00000
291,1,195,Salix,SALIscou,0.00000,0.00000,0.00000,0.00000,0.00000,0.00000,0.00000,0.00000,0.00000,0.00000,0.00000,0.00000
291,1,200,Alnus,ALNUsinu,0.00000,0.00000,0.00000,0.00000,0.00000,0.00000,0.00000,0.00000,0.00000,0.00000,0.00000,0.00000
291,1,200,Alnus,ALNUtenu,0.00000,0.00000,0.00000,0.00000,0.00000,0.00000,0.00000,0.00000,0.00000,0.00000,0.00000,0.00000
291,1,200,Betula,BETUneoa,0.00000,0.00000,0.00000,0.00000,0.00000,0.00000,0.00000,0.00000,0.00000,0.00000,0.00000,0.00000
291,1,200,Larix,LARIlari,0.00000,0.00000,0.00000,0.694553E-02,0.00000,0.00000,0.00000,0.00000,0.00000,0.131011,0.694553E-02,0.974229E-01
291,1,200,Picea,PICEglau,0.00000,0.00000,0.00000,0.155280E-01,0.00000,0.00000,0.00000,0.00000,0.00000,0.242840,0.155280E-01,0.158639
291,1,200,Picea,PICEmari,0.00000,0.00000,0.00000,0.157923,0.00000,0.00000,0.00000,0.00000,0.00000,4.65303,0.157923,0.369169
291,1,200,Populus,POPUbals,0.00000,0.00000,0.00000,0.00000,0.00000,0.00000,0.00000,0.00000,0.00000,0.00000,0.00000,0.00000
291,1,200,Populus,POPUtrem,0.00000,0.00000,0.00000,0.144353E-05,0.00000,0.00000,0.00000,0.00000,0.00000,0.336105E-02,0.144353E-05,0.204146E-04
291,1,200,Salix,SALIscou,0.00000,0.00000,0.00000,0.00000,0.00000,0.00000,0.00000,0.00000,0.00000,0.00000,0.00000,0.00000
