siteID,runID,year,gdd_death,drought_death,shade_death,perm_death,flood_death,nutrient_death,fire_death,harvest_death,wind_death,gddresp_1,gddresp_2,gddresp_3,gddresp_4,droughtresp_1,droughtresp_2,droughtresp_3,droughtresp_4,shaderesp_1,shaderesp_2,shaderesp_3,shaderesp_4,permresp_1,permresp_2,permresp_3,permresp_4,floodresp_1,floodresp_2,floodresp_3,floodresp_4,nutrientresp_1,nutrientresp_2,nutrientresp_3,nutrientresp_4,Loreys_height,Loreys_height_sd,max_height,max_height_sd,total_biomC,total_biomC_sd,basal_area,basal_area_sd,total_stems,total_stems_sd,small_stems,small_stems_sd,med_stems,med_stems_sd,lg_stems,lg_stems_sd,stand_age,stand_age_sd,LAI_1,LAI_2,LAI_3,LAI_4,LAI_5,LAI_6,LAI_7,LAI_8,LAI_9,LAI_10,LAI_11,LAI_12
632,2,0,0.00000,0.00000,0.00000,0.00000,0.00000,0.00000,0.00000,0.00000,0.00000,0.969014,NaN,NaN,NaN,0.969214,NaN,NaN,NaN,0.969214,NaN,NaN,NaN,0.969214,NaN,NaN,NaN,0.969214,NaN,NaN,NaN,0.969214,NaN,NaN,NaN,3.20823,0.381448E-01,5.18354,0.899840E-02,3.80606,0.605882E-01,3.06275,0.758214E-01,100000.,NaN,100000.,NaN,0.00000,0.00000,0.00000,0.00000,0.00000,0.00000,0.00000,0.00000,0.00000,0.00000,0.00000,0.00000,0.00000,0.00000,0.00000,0.00000,0.00000,0.00000
632,2,5,0.00000,0.00000,1.58613,0.00000,0.00000,0.382949,0.00000,0.00000,0.00000,0.967123,NaN,NaN,NaN,0.967704,NaN,NaN,NaN,0.967466,NaN,NaN,NaN,0.967704,NaN,NaN,NaN,0.967704,NaN,NaN,NaN,0.967624,NaN,NaN,NaN,3.53523,0.365517E-01,6.32156,0.194388E-01,6.92216,0.147178,7.62973,0.162327,34447.2,636.776,34447.2,636.776,0.00000,0.00000,0.00000,0.00000,4.00000,0.00000,10.3301,0.152892E-01,0.00000,0.00000,0.00000,0.00000,0.00000,0.00000,0.00000,0.00000,0.00000,0.00000
632,2,10,0.925509,0.00000,1.80819,0.00000,0.00000,0.318210,0.00000,0.00000,0.00000,0.958063,NaN,NaN,NaN,0.959476,NaN,NaN,NaN,0.958796,NaN,NaN,NaN,0.959476,NaN,NaN,NaN,0.959476,NaN,NaN,NaN,0.959385,NaN,NaN,NaN,4.30737,0.178263,6.89397,0.463618E-01,10.4621,0.497146,10.9735,0.498424,14179.7,461.276,12558.8,455.559,1620.90,188.070,0.00000,0.00000,9.00000,0.00000,16.2712,0.277018E-01,0.00000,0.00000,0.00000,0.00000,0.00000,0.00000,0.00000,0.00000,0.00000,0.00000
632,2,15,1.43150,0.00000,1.37960,0.00000,0.343174,0.355075,0.00000,0.00000,0.00000,0.952495,NaN,NaN,NaN,0.955317,NaN,NaN,NaN,0.953941,NaN,NaN,NaN,0.955317,NaN,NaN,NaN,0.955307,NaN,NaN,NaN,0.955181,NaN,NaN,NaN,5.94265,0.379837E-01,8.05079,0.136629,13.0049,0.936100,12.0610,0.820691,7102.20,343.145,5364.20,299.111,1738.00,171.952,0.00000,0.00000,14.0000,0.00000,19.6879,0.392939,0.00000,0.00000,0.00000,0.00000,0.00000,0.00000,0.00000,0.00000,0.00000,0.00000
632,2,20,1.53744,0.00000,1.08654,0.00000,0.00000,0.618012,0.00000,0.00000,0.00000,0.980173,0.892296,NaN,NaN,0.984963,0.922094,NaN,NaN,0.982259,0.919597,NaN,NaN,0.984963,0.922094,NaN,NaN,0.984963,0.922094,NaN,NaN,0.984828,0.922094,NaN,NaN,6.54237,0.163359,11.7494,0.400122,14.9434,1.21504,12.2901,0.926633,5037.20,835.684,3717.30,861.065,1319.90,130.287,0.00000,0.00000,16.6300,2.58195,19.8570,1.87658,0.315239E-02,0.00000,0.00000,0.00000,0.00000,0.00000,0.00000,0.00000,0.00000,0.00000
632,2,25,0.115162,0.00000,2.20879,0.00000,0.00000,0.946265,0.00000,0.00000,0.00000,0.993171,0.922746,1.00000,NaN,0.998352,0.980199,1.79610,NaN,0.996593,0.969641,1.79610,NaN,0.998352,0.980199,1.79610,NaN,0.998352,0.980199,1.79610,NaN,0.998288,0.980199,1.77906,NaN,9.55512,0.572119,16.6052,0.563598,19.6192,2.21087,13.4908,1.27528,4311.10,528.535,2656.70,556.134,1647.50,155.663,6.90000,14.1204,16.7050,2.41394,22.0885,5.16441,0.856283,0.579487E-02,0.00000,0.00000,0.00000,0.00000,0.00000,0.00000,0.00000,0.00000
632,2,30,0.141499E-01,0.00000,1.96438,0.00000,0.00000,1.16513,0.00000,0.00000,0.00000,0.993154,0.931817,1.00000,NaN,1.00032,0.994484,1.47958,NaN,0.998172,0.975005,1.47880,NaN,1.00032,0.994484,1.47958,NaN,1.00032,0.994484,1.47958,NaN,1.00023,0.994374,1.46932,NaN,11.7021,1.08679,20.5437,1.02683,23.7340,4.22447,13.8156,1.74937,3265.50,495.070,1649.80,578.378,1562.60,186.880,53.1000,31.4218,20.8550,2.70752,22.8768,7.74005,2.44585,0.548804,0.107818E-03,0.00000,0.00000,0.00000,0.00000,0.00000,0.00000,0.00000
632,2,35,0.00000,0.00000,0.729271,0.00000,2.63394,0.00000,0.00000,0.00000,0.00000,0.996120,0.964352,1.00000,NaN,1.00545,1.03595,1.67765,NaN,1.00280,1.01064,1.67650,NaN,1.00545,1.03595,1.67765,NaN,1.00438,1.02296,1.29161,NaN,1.00534,1.03565,1.66316,NaN,9.79420,1.02176,22.8986,1.91391,26.2222,6.07044,13.6576,2.05790,2579.00,560.549,911.400,577.955,1639.60,194.878,28.0000,24.8007,25.1200,3.65408,23.9891,10.3949,3.77059,1.53437,0.271992,0.00000,0.00000,0.00000,0.00000,0.00000,0.00000,0.00000
632,2,40,0.00000,0.00000,1.45577,0.00000,0.00000,1.57594,0.00000,0.00000,0.00000,0.998539,0.992140,1.00000,1.00000,1.00747,1.03571,1.91406,1.89498,1.00427,1.02314,1.89292,1.89492,1.00747,1.03571,1.91406,1.89498,1.00747,1.03571,1.91406,1.89498,1.00736,1.03538,1.89550,1.87583,11.9854,1.22178,24.4219,2.44456,28.2414,6.60257,13.9663,1.79115,3799.90,2199.78,2301.90,2257.65,1481.60,197.424,16.4000,17.1027,25.1650,7.95640,23.5585,11.1738,3.95473,1.71955,0.520339,0.150945E-01,0.00000,0.00000,0.00000,0.00000,0.00000,0.00000
632,2,45,0.00000,0.00000,1.40082,0.00000,0.00000,1.39955,0.00000,0.00000,0.00000,0.999148,0.997644,0.973103,1.00000,1.00784,1.03344,1.62855,1.84028,1.00391,1.02711,1.55867,1.83990,1.00784,1.03344,1.62855,1.84028,1.00784,1.03344,1.62855,1.84028,1.00774,1.03300,1.61727,1.82230,11.3422,1.43688,25.5005,2.93872,32.1381,8.60436,15.1845,1.94838,4548.50,2267.17,3241.30,2325.29,1267.80,190.422,39.4000,24.2193,18.8600,10.2123,25.9122,13.1404,4.94809,2.07193,0.825305,0.141564,0.00000,0.00000,0.00000,0.00000,0.00000,0.00000
632,2,50,0.00000,0.00000,1.31733,0.00000,0.00000,1.68676,0.00000,0.00000,0.00000,0.999550,0.999413,0.984259,1.00000,1.00929,1.03340,1.51208,1.91497,1.00476,1.02957,1.44911,1.91462,1.00929,1.03340,1.51208,1.91497,1.00929,1.03340,1.51208,1.91497,1.00917,1.03297,1.50294,1.89539,12.4961,1.66838,25.7286,3.63150,30.9769,8.50226,15.2023,1.89169,4547.80,2163.93,3420.10,2208.87,1076.20,194.646,51.5000,28.1730,20.3550,10.5444,24.8969,13.5323,5.41368,1.97123,0.886298,0.224399,0.00000,0.00000,0.00000,0.00000,0.00000,0.00000
632,2,55,0.00000,0.00000,0.990052,0.279107,0.00000,1.01253,0.00000,0.00000,0.00000,0.999775,0.999829,0.991067,1.00000,1.01147,1.03215,1.52224,1.95000,1.00590,1.03003,1.48047,1.94957,1.01130,1.03135,1.49768,1.93628,1.01147,1.03215,1.52224,1.95000,1.01133,1.03177,1.51197,1.92967,12.4294,1.55993,25.5555,3.98536,31.8670,7.54337,15.5826,1.74618,4216.30,1925.46,3034.30,1949.72,1131.60,366.942,50.4000,28.7746,21.8400,10.2983,25.7851,14.1122,5.85675,1.68872,0.743322,0.205943,0.797532E-02,0.00000,0.00000,0.00000,0.00000,0.00000
632,2,60,0.00000,0.00000,1.25809,0.00000,0.00000,1.92322,0.00000,0.00000,0.00000,0.999882,0.999959,0.994632,1.00000,1.01518,1.03548,1.57879,2.00000,1.00765,1.03285,1.54062,2.00000,1.01518,1.03548,1.57879,2.00000,1.01518,1.03548,1.57879,2.00000,1.01500,1.03506,1.56716,1.97860,15.3746,2.39832,25.0878,4.61399,33.8344,7.28762,16.1651,2.13463,3598.40,1613.89,2298.70,1644.67,1258.70,491.103,41.0000,27.1789,25.6900,10.6504,27.6100,15.4589,6.96402,1.88960,0.730902,0.230628,0.204035E-01,0.00000,0.00000,0.00000,0.00000,0.00000
632,2,65,0.00000,0.00000,1.07770,0.888313E-01,0.00000,1.10107,0.00000,0.00000,0.00000,0.999842,0.999930,0.997567,1.00000,1.01729,1.04040,1.56898,2.00000,1.00847,1.03746,1.55081,2.00000,1.01725,1.04007,1.56387,2.00000,1.01729,1.04040,1.56898,2.00000,1.01708,1.03991,1.55800,1.97860,12.2751,1.21058,24.4290,4.59210,35.6093,7.39969,16.5651,2.26104,3164.10,1511.87,1821.40,1563.68,1304.70,510.363,38.0000,29.1935,28.6350,10.5698,28.5726,16.2659,7.71740,2.09755,0.530631,0.175857,0.185466E-01,0.00000,0.00000,0.00000,0.00000,0.00000
632,2,70,0.00000,1.39303,0.493827,0.00000,0.00000,0.352905,0.00000,0.00000,0.00000,0.999838,0.999900,0.999760,1.00000,1.02330,1.05091,1.18838,1.97781,1.01038,1.05290,1.19742,2.00000,1.02577,1.05757,1.20049,2.00000,1.02577,1.05757,1.20049,2.00000,1.02546,1.05688,1.19759,1.97860,12.6123,1.17400,24.2839,4.21131,37.5284,7.24572,16.8899,2.47388,2669.40,1360.02,1354.70,1382.92,1190.20,497.960,124.500,48.5959,33.3400,11.3152,29.7812,17.4338,8.68276,2.65653,0.435870,0.149367,0.125360E-01,0.00000,0.00000,0.00000,0.00000,0.00000
632,2,75,0.00000,0.00000,1.56284,0.00000,0.00000,1.11294,0.00000,0.00000,0.00000,0.999819,0.999952,1.00000,1.00000,1.03594,1.07761,1.12942,2.00000,1.01403,1.06966,1.12775,2.00000,1.03594,1.07749,1.12921,2.00000,1.03594,1.07761,1.12942,2.00000,1.03552,1.07669,1.12760,1.97860,13.2393,1.29283,24.5190,3.70162,39.3695,7.95224,17.0366,2.64918,2191.10,1194.30,966.300,1139.72,1048.20,453.086,176.600,58.6313,37.9500,12.0542,30.7128,18.5604,9.61478,3.40563,0.501133,0.150906,0.148893E-01,0.00000,0.00000,0.00000,0.00000,0.00000
632,2,80,0.00000,0.00000,1.11783,0.00000,0.00000,1.08395,0.00000,0.00000,0.00000,0.999775,0.999916,1.00000,1.00000,1.03530,1.10821,1.11146,2.00000,1.01480,1.09327,1.10969,2.00000,1.03530,1.10821,1.11146,2.00000,1.03530,1.10821,1.11146,2.00000,1.03488,1.10692,1.10998,1.97860,13.2177,1.20062,24.5026,2.63093,38.4058,7.68742,16.6528,2.60379,2028.90,1338.85,923.800,1353.29,903.400,430.674,201.700,65.7627,41.3300,13.4385,28.6879,18.3942,9.95321,4.00820,0.606019,0.918316E-01,0.109116E-01,0.00000,0.00000,0.00000,0.00000,0.00000
632,2,85,0.00000,0.00000,1.27034,0.116727E-01,0.00000,0.867646,0.00000,0.00000,0.00000,1.00000,1.00000,1.00000,1.00000,1.04276,1.12759,1.10325,2.00000,1.01701,1.10569,1.10071,2.00000,1.04273,1.12742,1.10296,2.00000,1.04276,1.12759,1.10325,2.00000,1.04225,1.12609,1.10197,1.97860,16.9335,1.64403,25.2599,2.24112,40.7515,8.11957,16.9470,2.63294,1882.20,1558.13,883.700,1572.11,784.900,420.536,213.600,62.8233,45.0800,15.9145,29.7182,19.4896,10.8551,4.80314,0.942292,0.798098E-01,0.129349E-01,0.00000,0.00000,0.00000,0.00000,0.00000
632,2,90,0.00000,0.00000,0.407102,0.795905E-01,1.55786,0.00000,0.00000,0.00000,0.00000,1.00000,1.00000,1.00000,1.00000,1.05261,1.11692,1.11234,1.95833,1.02047,1.09163,1.10930,1.95833,1.05249,1.11644,1.11194,1.95833,1.04706,1.10554,1.09724,1.38027,1.05199,1.11554,1.11094,1.93782,17.4685,1.67413,25.9917,1.94471,42.2826,8.48952,16.8579,2.60118,1581.40,1344.07,704.700,1342.99,678.200,401.666,198.500,59.5776,49.5400,17.1062,30.2143,20.2842,11.6643,5.55436,1.41852,0.739143E-01,0.177496E-01,0.00000,0.00000,0.00000,0.00000,0.00000
632,2,95,0.00000,1.72385,0.178984,0.860478E-01,0.00000,0.00000,0.00000,0.00000,0.00000,1.00000,1.00000,1.00000,1.00000,1.00793,1.01965,1.02868,1.93430,1.02760,1.10193,1.12295,1.98769,1.06578,1.13274,1.12510,2.00000,1.06749,1.13468,1.12666,2.00000,1.06669,1.13308,1.12507,1.97860,19.8894,2.22547,26.5513,1.37300,41.2525,9.48852,16.2865,2.91358,1394.20,1266.63,628.800,1246.41,587.100,359.407,178.300,56.2399,53.7300,18.5130,30.1942,20.6660,12.2217,6.10498,1.87255,0.698101E-01,0.598234E-02,0.00000,0.00000,0.00000,0.00000,0.00000
632,2,100,0.00000,0.00000,1.21599,0.00000,0.00000,1.44024,0.00000,0.00000,0.00000,1.00000,1.00000,1.00000,1.00000,1.08546,1.14444,1.13762,2.00000,1.03359,1.11067,1.13329,1.97669,1.08546,1.14444,1.13762,2.00000,1.08546,1.14444,1.13762,2.00000,1.08444,1.14273,1.13590,1.97860,13.4010,1.58399,27.2670,0.997130,42.6073,10.4302,16.2653,2.91365,1716.80,1952.57,1013.70,1909.73,539.200,370.358,163.900,52.5796,52.5250,24.1694,28.5453,20.3695,12.5242,6.56959,2.37110,0.159092,0.531861E-02,0.00000,0.00000,0.00000,0.00000,0.00000
632,2,105,0.00000,1.40279,0.345643,0.568602E-02,0.00000,0.00000,0.00000,0.00000,0.00000,1.00000,1.00000,1.00000,1.00000,1.09056,1.13829,1.13999,1.98510,1.04134,1.12007,1.14773,1.97357,1.09997,1.15296,1.15235,2.00000,1.09997,1.15302,1.15242,2.00000,1.09879,1.15122,1.15052,1.97860,13.8934,1.73786,27.7911,1.07075,40.8805,11.3024,15.5794,2.94255,2193.20,2519.70,1584.20,2485.45,457.200,346.120,151.800,52.0607,54.5300,27.6948,25.7479,19.1697,12.1841,6.64105,2.63248,0.260480,0.375162E-02,0.00000,0.00000,0.00000,0.00000,0.00000
632,2,110,0.00000,0.00000,1.07267,0.00000,0.00000,1.11222,0.00000,0.00000,0.00000,1.00000,1.00000,1.00000,1.00000,1.12395,1.19118,1.17208,2.00000,1.04965,1.15137,1.16616,1.96309,1.12395,1.19118,1.17208,2.00000,1.12395,1.19118,1.17208,2.00000,1.12248,1.18893,1.16995,1.97860,21.0345,3.48877,28.4672,1.20092,41.3321,11.7797,15.5489,2.79257,2681.90,2926.52,2124.20,2890.00,415.200,364.772,142.500,54.7608,49.8700,34.2288,26.1043,19.1547,12.4310,6.97393,3.02271,0.457780,0.489728E-02,0.00000,0.00000,0.00000,0.00000,0.00000
632,2,115,0.00000,0.00000,0.944646,0.00000,0.00000,0.767002,0.00000,0.00000,0.00000,1.00000,1.00000,1.00000,1.00000,1.14441,1.21932,1.18031,2.00000,1.05806,1.17671,1.17345,1.94174,1.14441,1.21932,1.18031,2.00000,1.14441,1.21932,1.18031,2.00000,1.14270,1.21675,1.17811,1.97860,14.6802,2.27144,28.9904,1.34290,41.8056,11.9232,15.5456,2.72697,2566.60,2628.50,2014.90,2534.78,411.400,454.846,140.300,57.2565,51.6500,36.5505,26.1852,18.9358,12.4743,7.16323,3.31332,0.686078,0.604154E-02,0.00000,0.00000,0.00000,0.00000,0.00000
632,2,120,0.00000,0.00000,0.791934,0.332137,0.00000,1.27732,0.00000,0.00000,0.00000,1.00000,1.00000,1.00000,1.00000,1.15720,1.26471,1.18424,2.00000,1.06625,1.21164,1.17701,1.93317,1.15508,1.26060,1.18029,2.00000,1.15720,1.26471,1.18424,2.00000,1.15533,1.26159,1.18198,1.97860,14.8149,1.88332,29.3434,1.77636,41.0019,12.3744,15.1694,2.93738,2485.00,2489.22,1847.00,2315.36,501.900,630.710,136.100,56.0580,53.3800,38.9869,26.0909,18.5385,12.3271,7.21467,3.47796,0.875149,0.315294E-02,0.00000,0.00000,0.00000,0.00000,0.00000
632,2,125,0.00000,0.00000,0.833804,0.709609E-01,0.00000,1.21367,0.00000,0.00000,0.00000,1.00000,1.00000,1.00000,1.00000,1.18715,1.33137,1.21893,1.79424,1.07530,1.26582,1.20928,1.78983,1.18712,1.33064,1.21639,1.79424,1.18715,1.33137,1.21893,1.79424,1.18494,1.32747,1.21622,1.78278,20.2390,3.29930,29.7788,1.90677,40.8237,12.1249,15.0096,2.94287,2415.50,2401.41,1689.50,2224.75,597.400,740.429,128.600,55.7276,52.9250,41.4228,25.9659,18.1060,12.0922,7.23436,3.60677,1.09327,0.336602E-02,0.00000,0.00000,0.00000,0.00000,0.00000
632,2,130,0.00000,0.00000,0.832310,0.747995E-01,0.00000,0.825050,0.00000,0.00000,0.00000,1.00000,1.00000,1.00000,1.00000,1.19199,1.40595,1.30830,1.63133,1.08116,1.32689,1.29145,1.62889,1.19136,1.40353,1.30481,1.62768,1.19199,1.40595,1.30830,1.63133,1.18973,1.40119,1.30455,1.62244,16.5325,3.07057,30.1349,2.27207,41.2049,12.6859,15.0735,3.05260,2352.00,2359.52,1562.40,2211.51,670.100,785.005,119.500,53.7419,54.8650,43.8487,26.1887,17.9380,11.9193,7.27714,3.72603,1.26115,0.190892E-01,0.00000,0.00000,0.00000,0.00000,0.00000
632,2,135,0.00000,0.00000,0.949750,0.179605E-01,0.00000,1.13303,0.00000,0.00000,0.00000,1.00000,1.00000,1.00000,1.00000,1.18026,1.41843,1.38129,1.60838,1.07692,1.33174,1.35534,1.60601,1.18023,1.41766,1.38018,1.60585,1.18026,1.41843,1.38129,1.60838,1.17812,1.41351,1.37673,1.59983,14.5957,2.38119,30.1350,3.06618,40.9836,13.6712,14.9321,3.40001,2171.20,2145.10,1335.50,1943.97,727.200,789.756,108.500,51.6049,58.2300,46.2543,26.3791,17.8287,11.6813,7.25869,3.82980,1.44426,0.526615E-01,0.00000,0.00000,0.00000,0.00000,0.00000
632,2,140,0.00000,0.00000,1.06201,0.00000,0.416088E-01,1.06044,0.00000,0.00000,0.00000,1.00000,1.00000,1.00000,1.00000,1.15640,1.40857,1.45710,1.59847,1.06778,1.33667,1.42948,1.59582,1.15640,1.40857,1.45710,1.59847,1.15634,1.40692,1.45516,1.59515,1.15456,1.40366,1.45168,1.59014,20.7296,3.99197,30.1438,3.41318,40.1078,13.9051,14.6838,3.81625,2105.80,2185.04,1267.00,2047.91,741.000,787.992,97.8000,48.8579,58.5950,47.9050,26.1309,17.4647,11.1996,6.96257,3.70478,1.46022,0.776548E-01,0.00000,0.00000,0.00000,0.00000,0.00000
632,2,145,0.00000,0.00000,0.871986,0.102352,0.00000,0.898156,0.00000,0.00000,0.00000,1.00000,1.00000,1.00000,1.00000,1.12514,1.36043,1.46197,1.61303,1.05513,1.28872,1.43276,1.61014,1.12491,1.35788,1.45709,1.60506,1.12514,1.36043,1.46197,1.61303,1.12367,1.35607,1.45647,1.60452,17.4658,2.47373,30.0621,4.00535,40.3786,14.1688,14.7127,4.01598,1907.40,1955.09,1072.50,1782.32,743.100,756.233,91.8000,48.9976,61.9050,50.7555,26.3689,17.5410,11.0297,6.86043,3.73308,1.57488,0.143156,0.00000,0.00000,0.00000,0.00000,0.00000
632,2,150,0.00000,0.00000,0.673779,0.417548,0.00000,0.809673,0.00000,0.00000,0.00000,1.00000,1.00000,1.00000,1.00000,1.08522,1.33921,1.46129,1.65091,1.04373,1.27170,1.43645,1.64777,1.08183,1.33091,1.44067,1.61258,1.08519,1.33918,1.46129,1.64935,1.08422,1.33486,1.45568,1.64186,17.2596,2.58476,29.7731,4.91250,39.6152,14.4403,14.4638,4.32657,1860.20,2105.23,1042.60,1944.56,733.000,720.041,84.6000,46.5799,66.0350,55.1245,26.1260,17.3089,10.6666,6.54159,3.57539,1.53839,0.163844,0.00000,0.00000,0.00000,0.00000,0.00000
632,2,155,0.00000,0.00000,0.777447,0.266289,0.00000,0.800680,0.00000,0.00000,0.00000,1.00000,1.00000,1.00000,1.00000,1.08914,1.28644,1.46950,1.66241,1.04475,1.23101,1.44688,1.65907,1.08699,1.27767,1.45502,1.63223,1.08914,1.28644,1.46950,1.66241,1.08810,1.28298,1.46391,1.65323,14.4973,2.73155,29.7924,5.10429,40.0772,14.5791,14.5088,4.43836,1703.60,2074.20,914.000,1883.54,710.100,695.175,79.5000,45.4320,69.2000,59.3509,26.4043,17.5463,10.7435,6.49328,3.60419,1.61145,0.224719,0.00000,0.00000,0.00000,0.00000,0.00000
632,2,160,0.00000,0.00000,1.06327,0.204476E-01,0.00000,0.690597,0.00000,0.00000,0.00000,1.00000,1.00000,1.00000,1.00000,1.10839,1.22348,1.51692,1.68261,1.05537,1.17730,1.49129,1.67888,1.10815,1.22331,1.51563,1.68078,1.10839,1.22348,1.51692,1.68261,1.10712,1.22067,1.51073,1.67321,17.1202,2.70830,29.6265,5.62514,40.3787,15.3642,14.4938,4.48852,1634.10,1895.90,856.300,1668.46,701.800,695.135,76.0000,50.8422,75.3450,67.6042,26.5008,17.6952,10.8180,6.43873,3.59830,1.63649,0.270555,0.00000,0.00000,0.00000,0.00000,0.00000
632,2,165,0.00000,0.00000,0.284375,0.928568,1.00771,0.113341E-01,0.00000,0.00000,0.00000,1.00000,1.00000,1.00000,1.00000,1.11309,1.17616,1.50432,1.71296,1.05260,1.14632,1.48296,1.70932,1.09897,1.15936,1.45515,1.61755,1.10149,1.15793,1.44899,1.56034,1.11174,1.17304,1.49796,1.70319,14.4699,2.85727,29.2410,6.06261,38.6072,14.6206,13.8560,4.50941,1527.50,1836.41,804.500,1639.24,647.200,707.505,75.8000,59.5322,81.0700,75.0357,25.8293,17.2439,10.4788,6.10332,3.41413,1.58496,0.286861,0.00000,0.00000,0.00000,0.00000,0.00000
632,2,170,0.00000,0.00000,1.09539,0.223828,0.00000,0.906737,0.00000,0.00000,0.00000,1.00000,1.00000,1.00000,1.00000,1.11932,1.17422,1.49204,1.73857,1.05587,1.14617,1.47316,1.73463,1.11681,1.16922,1.48245,1.71273,1.11932,1.17422,1.49204,1.73857,1.11791,1.17198,1.48618,1.72846,20.4894,4.03050,28.8016,6.39967,36.8178,14.4426,13.4048,4.68328,1833.30,2323.49,1148.30,2231.34,604.300,726.735,80.7000,70.8421,81.9950,93.6740,24.7440,16.4013,9.88443,5.60487,3.08105,1.42017,0.264566,0.00000,0.00000,0.00000,0.00000,0.00000
632,2,175,0.00000,1.73568,0.118688,0.364788E-01,0.151662E-04,0.601395E-01,0.00000,0.00000,0.00000,1.00000,1.00000,1.00000,1.00000,1.11905,1.16140,1.41596,1.69748,1.07383,1.16672,1.47472,1.76138,1.13885,1.18459,1.47607,1.72474,1.14204,1.19216,1.49029,1.75821,1.14045,1.19115,1.48691,1.75516,12.4266,3.15333,28.7579,6.36041,36.0687,14.0540,13.1895,4.58566,2040.70,2602.26,1390.20,2550.61,566.900,692.433,83.6000,78.5998,85.0400,135.277,24.3611,16.0346,9.65851,5.37288,2.91126,1.37187,0.285714,0.00000,0.00000,0.00000,0.00000,0.00000
632,2,180,0.00000,0.00000,0.666786,0.627997,0.00000,0.849376,0.00000,0.00000,0.00000,1.00000,1.00000,1.00000,1.00000,1.14066,1.22089,1.40900,1.80267,1.07357,1.19246,1.39494,1.79866,1.13512,1.20856,1.37877,1.74116,1.14062,1.22022,1.40734,1.79867,1.13899,1.21770,1.40386,1.79128,14.7422,3.46338,28.4983,6.53831,35.0150,13.8435,12.9066,4.52661,2043.40,2445.01,1382.70,2324.56,574.700,690.514,86.0000,78.9631,98.9850,206.271,23.8629,15.5625,9.38206,5.16442,2.75643,1.33137,0.316619,0.00000,0.00000,0.00000,0.00000,0.00000
632,2,185,0.00000,0.00000,0.114355,2.00220,0.487259E-03,0.109275E-01,0.00000,0.00000,0.00000,1.00000,1.00000,1.00000,1.00000,1.12890,1.26743,1.37503,1.84675,1.06255,1.23724,1.36237,1.84289,1.10596,1.21843,1.30537,1.66470,1.11988,1.23366,1.32410,1.70733,1.12736,1.26190,1.36895,1.83243,12.1488,3.26785,27.7060,6.93833,32.4345,13.3237,12.2067,4.32164,2044.50,2614.20,1377.90,2524.47,580.700,719.051,85.9000,82.4937,109.645,286.599,22.8792,14.6252,8.74278,4.71467,2.44498,1.19981,0.304425,0.00000,0.00000,0.00000,0.00000,0.00000
632,2,190,0.100392E-04,0.00000,0.140661,0.383612,1.48895,0.100499E-02,0.00000,0.00000,0.00000,0.999887,1.00000,1.00000,1.00000,1.12009,1.30726,1.40827,1.83868,1.05450,1.27575,1.39506,1.83475,1.11405,1.28817,1.36881,1.76575,1.10292,1.25323,1.30781,1.54734,1.11865,1.30304,1.40209,1.82741,16.1664,3.01647,26.9745,7.48176,31.2755,13.7581,11.9041,4.32552,2049.90,2490.91,1358.50,2381.69,609.400,744.780,82.0000,78.8612,115.175,362.195,22.1836,14.0331,8.39264,4.53115,2.29892,1.12573,0.295878,0.00000,0.00000,0.00000,0.00000,0.00000
632,2,195,0.00000,0.00000,0.120905,0.755061,0.356613,0.153870E-01,0.00000,0.00000,0.00000,0.999752,1.00000,1.00000,1.00000,1.11644,1.33227,1.38251,1.85943,1.05779,1.30507,1.37551,1.85577,1.10889,1.30279,1.32942,1.75027,1.10039,1.27733,1.29350,1.56862,1.11505,1.32674,1.37415,1.84784,15.9448,3.07193,26.3371,7.65672,29.4241,13.5576,11.4598,4.29192,2106.10,2425.14,1402.10,2279.08,627.300,745.234,76.7000,77.3630,126.660,450.892,20.8252,13.0021,7.67410,4.09465,1.99758,0.958234,0.250189,0.00000,0.00000,0.00000,0.00000,0.00000
632,2,200,0.334184E-03,0.926245,0.496425E-01,0.224241,0.00000,0.757668E-03,0.00000,0.00000,0.00000,1.00000,1.00000,1.00000,1.00000,1.06346,1.31280,1.35356,1.81495,1.04038,1.32686,1.38892,1.86479,1.06849,1.33791,1.37180,1.82225,1.06962,1.34614,1.38006,1.81419,1.06975,1.34751,1.39129,1.85707,11.8411,3.73084,25.6452,7.71517,24.1627,11.4499,10.7301,3.62993,3272.40,3502.23,2598.00,3497.66,605.500,730.872,68.9000,66.1260,134.195,546.499,16.2631,10.8204,6.47804,3.53588,1.74825,0.841451,0.219721,0.00000,0.00000,0.00000,0.00000,0.00000
291,1,0,0.00000,0.00000,0.00000,0.00000,0.00000,0.00000,0.00000,0.00000,0.00000,0.969051,NaN,NaN,NaN,0.969250,NaN,NaN,NaN,0.969250,NaN,NaN,NaN,0.969250,NaN,NaN,NaN,0.969250,NaN,NaN,NaN,0.969250,NaN,NaN,NaN,3.20832,0.381770E-01,5.18354,0.899840E-02,3.80498,0.606830E-01,3.06275,0.758214E-01,100000.,NaN,100000.,NaN,0.00000,0.00000,0.00000,0.00000,0.00000,0.00000,0.875609E-03,0.300300E-02,0.674888E-02,0.983516E-02,0.100000E-01,0.100000E-01,0.100000E-01,0.100000E-01,0.100000E-01,0.100000E-01,0.100000E-01,0.100000E-01
291,1,5,0.321251,0.00000,1.12040,0.00000,0.00000,0.340188,0.00000,0.00000,0.00000,0.934085,NaN,NaN,NaN,0.934625,NaN,NaN,NaN,0.934448,NaN,NaN,NaN,0.934666,NaN,NaN,NaN,0.934666,NaN,NaN,NaN,0.934585,NaN,NaN,NaN,3.46526,0.379029E-01,6.22460,0.199373E-01,6.14876,0.134078,6.83653,0.153926,34431.5,668.895,34431.5,668.895,0.00000,0.00000,0.00000,0.00000,4.00000,0.00000,9.39409,0.140509E-01,0.00000,0.00000,0.00000,0.00000,0.00000,0.00000,0.00000,0.00000,0.00000,0.00000
291,1,10,0.730366,0.00000,1.75693,0.00000,0.00000,0.253955,0.00000,0.00000,0.00000,0.943095,NaN,NaN,NaN,0.944507,NaN,NaN,NaN,0.943888,NaN,NaN,NaN,0.944507,NaN,NaN,NaN,0.944507,NaN,NaN,NaN,0.944391,NaN,NaN,NaN,4.25355,0.256673E-01,6.71074,0.391918E-01,9.11162,0.391380,9.83415,0.409990,14187.1,429.430,12709.5,454.516,1477.60,240.323,0.00000,0.00000,9.00000,0.00000,14.4590,0.149229E-01,0.00000,0.00000,0.00000,0.00000,0.00000,0.00000,0.00000,0.00000,0.00000,0.00000
291,1,15,1.71163,0.00000,1.24277,0.00000,0.00000,0.247347,0.00000,0.00000,0.00000,0.946437,NaN,NaN,NaN,0.949260,NaN,NaN,NaN,0.948232,NaN,NaN,NaN,0.949260,NaN,NaN,NaN,0.949260,NaN,NaN,NaN,0.949136,NaN,NaN,NaN,5.68350,0.452639E-01,7.65701,0.905819E-01,11.1160,0.813361,10.7002,0.727622,7101.40,319.554,5392.60,266.302,1708.80,165.199,0.00000,0.00000,14.0000,0.00000,17.2241,0.252638,0.00000,0.00000,0.00000,0.00000,0.00000,0.00000,0.00000,0.00000,0.00000,0.00000
291,1,20,1.23260,0.00000,0.256469,0.00000,0.878429,0.363961,0.00000,0.00000,0.00000,0.973042,0.863277,NaN,NaN,0.978574,0.900285,NaN,NaN,0.975380,0.898704,NaN,NaN,0.978574,0.900285,NaN,NaN,0.978406,0.899147,NaN,NaN,0.978408,0.900285,NaN,NaN,5.53029,0.801481E-01,9.87288,0.371952,11.5092,1.16589,10.1048,0.965285,4189.90,260.371,3131.70,242.914,1058.20,111.674,0.00000,0.00000,19.0000,0.00000,16.6327,1.18742,0.00000,0.00000,0.00000,0.00000,0.00000,0.00000,0.00000,0.00000,0.00000,0.00000
291,1,25,1.10365,0.00000,0.809834,0.878035E-02,0.00000,0.630158,0.00000,0.00000,0.00000,0.986129,0.841939,NaN,NaN,0.990904,0.897830,NaN,NaN,0.988679,0.893440,NaN,NaN,0.990900,0.897786,NaN,NaN,0.990904,0.897830,NaN,NaN,0.990859,0.897830,NaN,NaN,Infinity,NaN,13.9804,0.648778,13.4940,1.12896,10.6637,0.725057,5654.20,2057.43,4319.10,2083.99,1335.10,139.021,0.00000,0.00000,23.2400,3.17218,16.3656,2.77687,0.127636,0.00000,0.00000,0.00000,0.00000,0.00000,0.00000,0.00000,0.00000,0.00000
291,1,30,0.437972,1.08538,0.828810,0.00000,0.00000,0.108368,0.00000,0.00000,0.00000,0.996292,0.892066,1.00000,NaN,0.998797,0.986619,1.55063,NaN,0.999112,0.979576,1.59208,NaN,1.00028,0.999520,1.59228,NaN,1.00028,0.999520,1.59228,NaN,1.00022,0.999485,1.57942,NaN,7.46118,0.603591,17.9326,1.00649,16.8878,2.70436,11.6124,1.30875,5286.80,336.046,3819.40,378.230,1431.40,154.809,36.0000,26.4480,12.8050,1.23475,18.2006,4.74820,1.09009,0.747685E-01,0.00000,0.00000,0.00000,0.00000,0.00000,0.00000,0.00000,0.00000
291,1,35,0.544237E-01,0.00000,0.578575,0.00000,1.50116,0.00000,0.00000,0.00000,0.00000,0.997826,0.953000,1.00000,NaN,1.00307,1.05292,1.64043,NaN,1.00182,1.02879,1.63974,NaN,1.00307,1.05292,1.64043,NaN,1.00229,1.03840,1.24523,NaN,1.00300,1.05269,1.62673,NaN,8.10582,0.910715,19.9653,1.60029,18.5187,3.64813,11.7467,1.48920,4105.80,365.128,2652.40,426.512,1421.90,197.640,31.5000,25.2376,17.3550,1.56564,19.0879,6.17913,1.83888,0.473648,0.662833E-02,0.00000,0.00000,0.00000,0.00000,0.00000,0.00000,0.00000
291,1,40,0.577253E-01,0.00000,1.13585,0.236444,0.00000,1.22741,0.00000,0.00000,0.00000,0.998826,0.972789,1.00000,NaN,1.00556,1.06117,1.73261,NaN,1.00391,1.04387,1.72433,NaN,1.00550,1.05975,1.71765,NaN,1.00556,1.06117,1.73261,NaN,1.00547,1.05995,1.71755,NaN,12.1736,1.56709,22.2918,2.17023,21.8422,5.03359,12.8076,1.70292,3325.80,584.595,1580.40,660.814,1726.60,220.671,18.8000,19.7105,21.8450,2.62974,19.9176,8.03866,2.48773,0.940986,0.150219,0.00000,0.00000,0.00000,0.00000,0.00000,0.00000,0.00000
291,1,45,0.641942E-02,0.00000,0.875254,0.666018,0.00000,0.646441,0.00000,0.00000,0.00000,0.999752,0.991656,1.00000,1.00000,1.00719,1.04337,1.90476,2.00000,1.00523,1.03577,1.89596,2.00000,1.00689,1.03972,1.84310,1.92666,1.00719,1.04337,1.90476,2.00000,1.00710,1.04257,1.88555,1.97860,19.5854,1.18580,22.9620,2.81073,22.3757,4.96140,13.0016,1.60681,3723.80,1772.09,1987.70,1806.22,1724.60,202.226,11.5000,14.3800,25.1150,5.15116,20.1411,8.77288,2.59719,0.973859,0.258501,0.453646E-02,0.00000,0.00000,0.00000,0.00000,0.00000,0.00000
291,1,50,0.00000,0.00000,0.218618,2.20749,0.00000,0.00000,0.00000,0.00000,0.00000,0.999985,0.997433,0.957153,1.00000,1.00691,1.04170,1.72740,1.95283,1.00465,1.03675,1.65742,1.95271,1.00589,1.03144,1.54577,1.72939,1.00684,1.04051,1.71067,1.92832,1.00682,1.04091,1.71442,1.93244,10.9664,1.38473,23.6675,3.16239,22.7563,5.43512,13.2786,1.63733,4626.80,2340.34,3075.30,2385.34,1528.80,177.494,22.7000,20.7088,22.8200,8.96658,19.8379,9.69958,3.14553,1.11521,0.384848,0.439155E-01,0.00000,0.00000,0.00000,0.00000,0.00000,0.00000
291,1,55,0.00000,0.00000,0.118193,2.07247,0.00000,0.00000,0.00000,0.00000,0.00000,0.999993,0.998744,0.981301,1.00000,1.00701,1.04256,1.71943,1.96552,1.00436,1.03922,1.68521,1.96552,1.00544,1.02968,1.49479,1.67692,1.00699,1.04250,1.71800,1.96552,1.00692,1.04178,1.70495,1.94485,18.2289,1.19191,23.4578,3.62081,23.6500,5.20889,13.7102,1.56301,4773.10,2103.27,3382.50,2135.43,1364.00,184.952,26.6000,22.5161,19.5400,9.54115,20.9886,10.3622,3.40589,1.01505,0.389393,0.760741E-01,0.00000,0.00000,0.00000,0.00000,0.00000,0.00000
291,1,60,0.00000,0.00000,0.817299E-01,1.78707,0.00000,0.00000,0.00000,0.00000,0.00000,0.995019,0.995714,0.986226,0.999041,1.00265,1.03064,1.75202,1.99904,0.999669,1.02900,1.72905,1.99904,1.00071,1.02162,1.50227,1.68255,1.00265,1.03064,1.75202,1.99904,1.00256,1.03020,1.73661,1.97764,9.61561,1.00860,22.8259,3.80737,22.7286,4.28543,13.5832,1.62948,4618.80,1743.24,3348.10,1803.98,1247.40,233.017,23.3000,22.2166,20.6550,8.62076,20.6813,10.3159,3.32457,0.746947,0.262457,0.518567E-01,0.00000,0.00000,0.00000,0.00000,0.00000,0.00000
291,1,65,0.00000,0.540652,0.416559E-01,0.801536,0.00000,0.00000,0.00000,0.00000,0.00000,1.00000,0.999636,0.992609,1.00000,1.00240,1.01366,1.69359,1.90909,1.00398,1.03457,1.70863,2.00000,1.00508,1.02891,1.52790,1.74782,1.00625,1.03569,1.72440,2.00000,1.00620,1.03529,1.71329,1.97860,Infinity,NaN,22.2153,4.04489,20.7098,4.07045,13.1879,1.54059,5280.10,1967.11,4104.70,2082.12,1151.80,281.283,23.6000,22.5741,18.3250,8.41746,18.4458,9.76081,3.35451,0.655597,0.216204,0.403363E-01,0.863809E-03,0.00000,0.00000,0.00000,0.00000,0.00000
291,1,70,0.00000,0.00000,0.909254E-01,1.13512,0.162211E-03,0.00000,0.00000,0.00000,0.00000,1.00000,0.999868,0.994668,1.00000,1.00564,1.03688,1.80784,2.00000,1.00358,1.03568,1.79303,2.00000,1.00444,1.02902,1.57162,1.72926,1.00537,1.03496,1.65751,1.97306,1.00557,1.03643,1.79100,1.97860,12.9979,1.67968,21.8860,4.01000,21.2042,4.19476,13.6621,1.48561,5267.60,1899.51,4008.00,2071.52,1240.70,375.835,18.9000,18.6151,20.3900,8.08298,18.5761,9.77573,3.57482,0.655723,0.194531,0.415987E-01,0.278587E-02,0.00000,0.00000,0.00000,0.00000,0.00000
291,1,75,0.00000,0.00000,0.975714E-01,1.20857,0.185884E-04,0.00000,0.00000,0.00000,0.00000,0.999997,0.999952,0.996698,1.00000,1.00537,1.03960,1.80776,1.99480,1.00343,1.03913,1.80137,2.00000,1.00432,1.03166,1.57094,1.70987,1.00550,1.04054,1.80891,2.00000,1.00545,1.04010,1.79318,1.97860,Infinity,NaN,21.7205,3.71355,22.1634,3.66640,14.0551,1.52065,4861.60,1666.12,3573.00,1898.37,1273.00,410.602,15.6000,18.1739,21.9950,8.04041,19.7142,10.1353,3.91526,0.689666,0.131715,0.164372E-01,0.00000,0.00000,0.00000,0.00000,0.00000,0.00000
291,1,80,0.00000,0.711805,0.151169E-01,0.414702,0.287402E-04,0.00000,0.00000,0.00000,0.00000,1.00000,0.999952,0.999110,1.00000,1.00041,1.00460,1.55935,1.82620,1.00437,1.04510,1.78493,2.00000,1.00519,1.03503,1.54981,1.66600,1.00682,1.04597,1.77734,2.00000,1.00678,1.04596,1.77473,1.97860,Infinity,NaN,21.4904,3.39221,20.7364,3.83040,13.6578,1.67745,3977.60,1371.48,2682.80,1541.79,1277.60,410.003,17.2000,17.8255,26.0600,8.28065,20.3915,10.4377,4.18957,0.781310,0.101108,0.186998E-01,0.00000,0.00000,0.00000,0.00000,0.00000,0.00000
291,1,85,0.00000,0.00000,0.320360E-01,1.03111,0.170693E-02,0.00000,0.00000,0.00000,0.00000,0.998399,0.998546,0.998430,NaN,1.00460,1.05268,1.67559,NaN,1.00255,1.05106,1.67241,NaN,1.00291,1.03771,1.46508,NaN,1.00389,1.04558,1.47822,NaN,1.00453,1.05201,1.66489,NaN,11.7173,1.37614,21.2833,3.01717,20.8025,3.90048,13.8074,1.54331,4536.50,2013.24,3146.80,2205.21,1362.20,418.160,27.5000,25.4754,23.9900,9.51697,17.7747,9.67647,4.06323,0.844333,0.683725E-01,0.154857E-01,0.00000,0.00000,0.00000,0.00000,0.00000,0.00000
291,1,90,0.00000,0.00000,0.951470E-02,1.08248,0.963066E-03,0.00000,0.00000,0.00000,0.00000,0.991147,0.993221,0.993965,NaN,0.999150,1.05481,1.60578,NaN,0.997005,1.05298,1.60354,NaN,0.996504,1.03433,1.38484,NaN,0.995218,1.02321,1.16807,NaN,0.999053,1.05405,1.59714,NaN,Infinity,NaN,21.0778,2.65280,18.5549,4.16186,12.9284,1.69156,3664.20,1613.29,2340.00,1769.22,1289.70,413.019,34.5000,31.4435,28.8150,10.0637,16.4198,8.99033,3.78288,0.841561,0.526741E-01,0.130530E-01,0.100555E-03,0.00000,0.00000,0.00000,0.00000,0.00000
291,1,95,0.00000,0.00000,0.179234E-01,0.992234,0.193860E-03,0.00000,0.00000,0.00000,0.00000,1.00000,1.00000,1.00000,NaN,1.00691,1.06752,1.54955,NaN,1.00518,1.06563,1.54764,NaN,1.00518,1.05041,1.38737,NaN,1.00659,1.06391,1.48182,NaN,1.00683,1.06671,1.54204,NaN,9.95834,0.967972,21.3886,2.55457,18.7111,4.03405,13.3114,1.64049,5200.50,3094.55,3907.70,3266.47,1250.10,392.789,42.7000,39.5288,26.7450,12.7941,15.0776,8.03596,3.37332,0.797683,0.492465E-01,0.116938E-01,0.992501E-04,0.00000,0.00000,0.00000,0.00000,0.00000
291,1,100,0.00000,0.00000,0.246043E-02,0.860174,0.105104E-01,0.00000,0.00000,0.00000,0.00000,1.00000,1.00000,1.00000,NaN,1.00860,1.07553,1.48651,NaN,1.00653,1.07311,1.48463,NaN,1.00621,1.05406,1.32889,NaN,1.00201,1.01310,1.03097,NaN,1.00849,1.07463,1.48014,NaN,9.90598,0.912991,21.3482,1.90974,17.4851,4.21360,13.0098,1.65618,4901.10,2957.74,3697.40,3064.36,1149.30,357.613,54.4000,47.3694,26.4150,14.0771,16.0779,8.17453,3.38789,0.875124,0.423185E-01,0.451437E-02,0.100796E-03,0.00000,0.00000,0.00000,0.00000,0.00000
291,1,105,0.00000,0.00000,0.363766E-02,0.906864,0.309470E-02,0.00000,0.00000,0.00000,0.00000,1.00000,1.00000,1.00000,NaN,1.00932,1.08799,1.43776,NaN,1.00744,1.08578,1.43611,NaN,1.00694,1.06631,1.32390,NaN,1.00509,1.05009,1.21364,NaN,1.00921,1.08693,1.43225,NaN,2.67117,4.10322,21.5038,1.80538,16.9403,3.51413,12.8572,1.72223,5033.00,2779.50,3863.30,2874.80,1107.50,364.706,62.2000,46.4537,26.8700,14.9691,13.6888,7.01446,2.87922,0.773119,0.366462E-01,0.319600E-02,0.993437E-04,0.00000,0.00000,0.00000,0.00000,0.00000
291,1,110,0.00000,0.00000,0.818573E-02,0.928396,0.433643E-03,0.140808E-02,0.00000,0.00000,0.00000,1.00000,1.00000,1.00000,NaN,1.00898,1.09314,1.37348,NaN,1.00717,1.09119,1.37204,NaN,1.00645,1.06580,1.25620,NaN,1.00656,1.06689,1.22423,NaN,1.00887,1.09202,1.36877,NaN,9.88140,0.917217,21.8499,1.56055,17.4844,3.07576,13.1752,1.79036,5433.20,2711.08,4249.90,2792.31,1108.20,435.561,75.1000,43.1660,24.2250,13.7926,14.1945,6.78393,2.72848,0.781558,0.401991E-01,0.798711E-03,0.00000,0.00000,0.00000,0.00000,0.00000,0.00000
291,1,115,0.00000,0.00000,0.320086E-02,0.825579,0.175438E-02,0.00000,0.00000,0.00000,0.00000,1.00000,1.00000,1.00000,NaN,1.01261,1.08539,1.38641,NaN,1.00958,1.08365,1.38505,NaN,1.00866,1.05819,1.25437,NaN,1.00524,1.02615,1.08549,NaN,1.01247,1.08439,1.38162,NaN,Infinity,NaN,21.7929,1.29117,16.1356,3.66299,12.5257,2.09140,4659.40,2251.62,3460.10,2275.71,1125.80,531.101,73.5000,43.6955,27.7750,13.9836,13.8867,6.29782,2.35433,0.676905,0.435207E-01,0.318710E-03,0.00000,0.00000,0.00000,0.00000,0.00000,0.00000
291,1,120,0.00000,0.00000,0.101842E-02,0.752745,0.638571E-04,0.00000,0.00000,0.00000,0.00000,0.983462,0.984490,0.991517,NaN,0.995484,1.07427,1.37140,NaN,0.992903,1.07271,1.37015,NaN,0.991011,1.04278,1.23020,NaN,0.991703,1.04825,1.23298,NaN,0.995343,1.07321,1.36666,NaN,2.68425,4.10878,21.9181,1.39760,15.5172,3.25369,12.3939,2.07368,5334.30,2613.38,4132.10,2773.94,1131.30,568.272,70.9000,42.4287,24.9200,14.3234,11.9592,5.41029,1.94549,0.548660,0.397030E-01,0.147249E-03,0.00000,0.00000,0.00000,0.00000,0.00000,0.00000
291,1,125,0.00000,0.00000,0.630451E-03,0.689861,0.195731E-03,0.00000,0.00000,0.00000,0.00000,1.00000,1.00000,1.00000,NaN,1.00889,1.10491,1.38848,NaN,1.00674,1.10354,1.38728,NaN,1.00583,1.07332,1.26226,NaN,1.00529,1.07541,1.26424,NaN,1.00879,1.10367,1.38362,NaN,16.2273,3.61560,21.9620,1.45531,14.4686,3.20001,12.0509,2.07641,5319.90,2271.98,4110.50,2513.65,1142.70,590.139,66.7000,38.7896,26.7000,13.4381,10.3510,4.75666,1.64762,0.435387,0.302352E-01,0.160153E-03,0.00000,0.00000,0.00000,0.00000,0.00000,0.00000
291,1,130,0.00000,0.00000,0.124994E-02,0.770903,0.349544E-04,0.00000,0.00000,0.00000,0.00000,1.00000,1.00000,1.00000,NaN,1.01043,1.10440,1.43426,NaN,1.00953,1.10318,1.43300,NaN,1.00676,1.07517,1.29797,NaN,1.00363,1.07098,1.24886,NaN,1.01029,1.10318,1.42880,NaN,18.7673,1.43928,22.0404,1.51516,13.7615,2.98607,11.8580,1.98297,5843.40,2746.40,4625.50,2993.91,1157.50,574.752,60.4000,37.4010,25.2150,13.0776,10.0009,4.47025,1.51033,0.382080,0.273572E-01,0.266391E-03,0.00000,0.00000,0.00000,0.00000,0.00000,0.00000
291,1,135,0.00000,0.927256E-02,0.966483E-04,0.755727,0.265010E-04,0.00000,0.00000,0.00000,0.00000,1.00000,1.00000,1.00000,NaN,1.01057,1.11812,1.47959,NaN,1.00990,1.11746,1.47916,NaN,1.00722,1.08367,1.31998,NaN,1.00385,1.08360,1.27883,NaN,1.01045,1.11728,1.47441,NaN,15.0279,3.90949,22.0518,1.70602,12.6207,3.12423,11.3312,2.16017,5500.70,2640.42,4335.20,2851.57,1111.50,543.532,54.0000,33.1283,25.6250,13.5017,8.62012,3.90427,1.32508,0.342406,0.266953E-01,0.360056E-03,0.00000,0.00000,0.00000,0.00000,0.00000,0.00000
291,1,140,0.00000,0.00000,0.460780E-04,0.666904,0.571926E-05,0.00000,0.00000,0.00000,0.00000,0.992902,0.993162,0.996523,NaN,0.999285,1.12169,1.48657,NaN,0.998769,1.12056,1.48514,NaN,0.996852,1.07145,1.27418,NaN,0.996572,1.06718,1.16773,NaN,0.999210,1.12019,1.48026,NaN,Infinity,NaN,22.0206,1.81755,12.3452,3.00737,11.1516,2.25529,5261.90,2741.96,4127.60,2884.38,1084.70,490.017,49.6000,31.9522,26.5600,14.6183,8.91001,3.77304,1.22026,0.304994,0.246406E-01,0.331037E-03,0.00000,0.00000,0.00000,0.00000,0.00000,0.00000
291,1,145,0.00000,0.00000,0.187574E-04,0.567372,0.352242E-02,0.00000,0.00000,0.00000,0.00000,0.999939,0.999930,0.999866,NaN,1.00757,1.13972,1.50595,NaN,1.00707,1.13875,1.50474,NaN,1.00494,1.09225,1.31256,NaN,1.00486,1.08977,1.20779,NaN,1.00750,1.13827,1.49964,NaN,2.67326,4.08870,21.8831,2.03948,11.8430,2.95904,10.7438,2.28759,4843.80,2730.51,3733.40,2804.49,1064.70,429.589,45.7000,30.7610,29.3100,15.7050,8.46573,3.50938,1.10310,0.266791,0.222849E-01,0.132480E-03,0.00000,0.00000,0.00000,0.00000,0.00000,0.00000
291,1,150,0.00000,0.123015E-01,0.00000,0.483359,0.128988E-04,0.00000,0.00000,0.00000,0.00000,1.00000,1.00000,1.00000,NaN,1.00989,1.15797,1.55039,NaN,1.00941,1.15875,1.55030,NaN,1.00648,1.10374,1.33577,NaN,1.00261,1.05158,1.11169,NaN,1.00981,1.15800,1.54479,NaN,10.2861,1.38521,21.9291,2.04784,10.6791,2.84198,10.0139,2.40106,4136.90,2464.55,3065.00,2437.60,1029.40,406.207,42.5000,28.2798,33.0950,16.7930,8.05588,3.29376,1.00160,0.237063,0.216935E-01,0.133829E-03,0.00000,0.00000,0.00000,0.00000,0.00000,0.00000
291,1,155,0.00000,0.00000,0.260459E-02,0.438551,0.125061E-04,0.143585E-01,0.00000,0.00000,0.00000,1.00000,1.00000,1.00000,NaN,1.01072,1.19819,1.58092,NaN,1.01035,1.19697,1.57929,NaN,1.00776,1.14595,1.40022,NaN,1.00660,1.13230,1.26752,NaN,1.01060,1.19586,1.57347,NaN,10.1885,1.40422,21.8417,2.25495,9.73337,2.58663,9.38880,2.28230,4071.60,2487.41,3039.10,2451.86,992.400,385.650,40.1000,28.1773,35.6200,16.8754,5.62930,2.57272,0.845750,0.212567,0.212319E-01,0.239888E-03,0.00000,0.00000,0.00000,0.00000,0.00000,0.00000
291,1,160,0.00000,0.441125E-02,0.484321E-03,0.479344,0.00000,0.00000,0.00000,0.00000,0.00000,1.00000,1.00000,1.00000,NaN,1.01157,1.19155,1.60723,NaN,1.01120,1.19152,1.60691,NaN,1.00832,1.13508,1.40425,NaN,1.00491,1.08772,1.17565,NaN,1.01147,1.19042,1.60083,NaN,8.34875,1.13923,21.8767,2.45671,9.62427,2.96114,9.34490,2.92800,4371.40,3082.85,3313.50,3017.15,1020.60,469.547,37.3000,26.8760,32.2350,17.4215,6.59944,2.68445,0.831149,0.205312,0.240048E-01,0.228158E-03,0.00000,0.00000,0.00000,0.00000,0.00000,0.00000
291,1,165,0.00000,0.00000,0.00000,0.471903,0.479706E-05,0.00000,0.00000,0.00000,0.00000,1.00000,1.00000,1.00000,NaN,1.01056,1.21789,1.64060,NaN,1.01017,1.21664,1.63882,NaN,1.00655,1.13088,1.36347,NaN,1.00491,1.09381,1.15364,NaN,1.01043,1.21532,1.63237,NaN,8.15238,1.16666,21.5243,2.88826,9.08652,3.07531,8.64304,2.88205,3796.40,2516.87,2778.20,2455.40,984.800,472.616,33.4000,26.4564,33.6800,16.6443,6.27489,2.49872,0.745293,0.175836,0.204290E-01,0.161204E-03,0.00000,0.00000,0.00000,0.00000,0.00000,0.00000
291,1,170,0.00000,0.00000,0.00000,0.484471,0.00000,0.00000,0.00000,0.00000,0.00000,1.00000,1.00000,1.00000,NaN,1.01721,1.23166,1.69465,NaN,1.01678,1.23039,1.69270,NaN,1.00996,1.12172,1.34077,NaN,1.00685,1.08482,1.12610,NaN,1.01701,1.22890,1.68566,NaN,9.53204,1.48836,21.0431,3.17257,8.17957,2.93288,7.67129,2.67625,3139.20,2007.45,2208.90,1950.45,902.100,448.275,28.2000,25.4558,37.1200,16.9458,6.07704,2.33786,0.659363,0.148305,0.169904E-01,0.595922E-04,0.00000,0.00000,0.00000,0.00000,0.00000,0.00000
291,1,175,0.00000,0.218082E-01,0.00000,0.406646,0.00000,0.00000,0.00000,0.00000,0.00000,1.00000,1.00000,1.00000,NaN,1.01623,1.23426,1.69906,NaN,1.01591,1.23897,1.70080,NaN,1.00917,1.12835,1.35687,NaN,1.00711,1.10290,1.15217,NaN,1.01612,1.23744,1.69368,NaN,7.64646,1.17141,20.7896,3.34086,7.44156,2.73459,6.90860,2.52548,2588.40,1643.44,1751.20,1591.97,811.800,417.993,25.4000,23.0106,41.5700,17.7040,5.47001,2.13834,0.604824,0.134621,0.151017E-01,0.696130E-04,0.00000,0.00000,0.00000,0.00000,0.00000,0.00000
291,1,180,0.00000,0.00000,0.00000,0.397693,0.00000,0.00000,0.00000,0.00000,0.00000,1.00000,0.999999,0.999997,NaN,1.02084,1.24368,1.70568,NaN,1.02036,1.24254,1.70364,NaN,1.01118,1.12616,1.33998,NaN,1.00962,1.10873,1.16347,NaN,1.02060,1.24081,1.69653,NaN,9.11316,1.47973,20.5302,3.54663,6.91339,2.77053,6.28400,2.52743,2181.00,1526.19,1418.70,1442.97,738.400,414.852,23.9000,22.6574,46.2950,18.9582,5.17827,2.02913,0.552622,0.121510,0.147793E-01,0.114719E-03,0.00000,0.00000,0.00000,0.00000,0.00000,0.00000
291,1,185,0.00000,0.00000,0.00000,0.309923,0.00000,0.00000,0.00000,0.00000,0.00000,0.999704,0.999696,0.999788,NaN,1.02317,1.28464,1.75295,NaN,1.02267,1.28345,1.75077,NaN,1.01009,1.12678,1.30273,NaN,1.00895,1.10711,1.13138,NaN,1.02289,1.28129,1.74317,NaN,Infinity,NaN,20.2461,3.72336,6.20544,2.62862,5.52707,2.35591,1749.70,1254.07,1080.70,1169.20,647.600,375.049,21.4000,20.3990,51.6400,19.5060,4.74049,1.87470,0.496556,0.110555,0.138956E-01,0.145876E-03,0.00000,0.00000,0.00000,0.00000,0.00000,0.00000
291,1,190,0.00000,0.00000,0.00000,0.312757,0.00000,0.00000,0.00000,0.00000,0.00000,1.00000,1.00000,1.00000,NaN,1.03081,1.28904,1.79936,NaN,1.03027,1.28783,1.79708,NaN,1.01188,1.11201,1.27558,NaN,1.01404,1.12738,1.16431,NaN,1.03045,1.28566,1.78897,NaN,7.11034,1.13202,19.9730,3.92053,5.51952,2.44528,4.79277,2.12982,1393.30,1008.77,814.100,905.254,559.800,330.244,19.4000,18.6919,57.1450,20.3236,4.23902,1.71095,0.457628,0.104516,0.127935E-01,0.148350E-03,0.00000,0.00000,0.00000,0.00000,0.00000,0.00000
291,1,195,0.00000,0.00000,0.00000,0.291189,0.00000,0.00000,0.00000,0.00000,0.00000,1.00000,1.00000,1.00000,NaN,1.03885,1.33836,1.83192,NaN,1.03826,1.33701,1.82956,NaN,1.01295,1.11375,1.24431,NaN,1.01909,1.15403,1.18505,NaN,1.03839,1.33438,1.82107,NaN,6.87885,1.07398,19.5129,4.09770,4.74549,2.11622,4.07385,1.85852,1171.20,1153.19,672.100,1072.90,482.400,285.485,16.7000,18.1316,62.9750,21.7039,3.69915,1.49206,0.389551,0.898147E-01,0.117635E-01,0.150509E-03,0.00000,0.00000,0.00000,0.00000,0.00000,0.00000
291,1,200,0.00000,0.00000,0.00000,0.226529,0.00000,0.00000,0.00000,0.00000,0.00000,1.00000,1.00000,1.00000,NaN,1.05275,1.39657,1.87736,NaN,1.05213,1.39514,1.87483,NaN,1.01497,1.10614,1.19970,NaN,1.02849,1.20172,1.20352,NaN,1.05213,1.39190,1.86583,NaN,Infinity,NaN,18.8671,4.28401,4.05280,2.00555,3.44603,1.70884,948.100,1046.31,521.600,982.861,412.700,246.342,13.8000,16.4595,68.8100,23.6436,3.19869,1.28733,0.324698,0.711472E-01,0.102728E-01,0.113172E-03,0.00000,0.00000,0.00000,0.00000,0.00000,0.00000
